jobname,vc,user,state,submit_time,gpu_num,duration,remain,start_time,end_time,ckpt_times,queue,jct,status,nodes,priority,random
application_1506638472019_2987,2869ce,fac375,COMPLETED,112967,8,437,0,112980.0,113417.0,0,13.0,450.0,end,[{0: 8}],-1,0
application_1506638472019_2988,2869ce,fac375,COMPLETED,113361,8,310,0,113400.0,113710.0,0,39.0,349.0,end,[{1: 8}],-1,0
application_1506638472019_3559,2869ce,23a431,CANCELLED,118697,8,881,0,118740.0,119621.0,0,43.0,924.0,end,[{0: 8}],-1,0
application_1506638472019_3560,2869ce,23a431,CANCELLED,118855,8,707,0,118860.0,119567.0,0,5.0,712.0,end,[{1: 8}],-1,0
application_1506638472019_3565,2869ce,2be114,FAILED,120393,8,519,0,120420.0,120939.0,0,27.0,546.0,end,[{0: 8}],-1,0
application_1506638472019_3716,2869ce,e4f747,FAILED,133464,8,637,0,133500.0,134137.0,0,36.0,673.0,end,[{0: 8}],-1,0
application_1506638472019_3717,2869ce,e4f747,COMPLETED,133546,8,148,0,133560.0,133708.0,0,14.0,162.0,end,[{1: 8}],-1,0
application_1506638472019_3718,2869ce,e4f747,FAILED,133617,8,52,0,133620.0,133672.0,0,3.0,55.0,end,[{2: 8}],-1,0
application_1506638472019_3719,2869ce,e4f747,FAILED,133646,8,53,0,133680.0,133733.0,0,34.0,87.0,end,[{2: 8}],-1,0
application_1506638472019_3721,2869ce,23a431,COMPLETED,133955,8,161568,0,133980.0,295548.0,0,25.0,161593.0,end,[{1: 8}],-1,0
application_1506638472019_3722,2869ce,23a431,COMPLETED,133977,8,165085,0,133980.0,299065.0,0,3.0,165088.0,end,[{2: 8}],-1,0
application_1506638472019_3723,2869ce,23a431,COMPLETED,133999,8,169914,0,134040.0,303954.0,0,41.0,169955.0,end,[{3: 8}],-1,0
application_1506638472019_3724,2869ce,23a431,COMPLETED,134020,8,165274,0,134040.0,299314.0,0,20.0,165294.0,end,[{4: 8}],-1,0
application_1506638472019_3725,2869ce,23a431,COMPLETED,134058,8,165515,0,134100.0,299615.0,0,42.0,165557.0,end,[{5: 8}],-1,0
application_1506638472019_3732,2869ce,fac375,COMPLETED,136778,4,102,0,136800.0,136902.0,0,22.0,124.0,end,[{0: 4}],-1,0
application_1506638472019_3734,2869ce,fac375,FAILED,136896,4,30,0,136920.0,136950.0,0,24.0,54.0,end,[{0: 4}],-1,0
application_1506638472019_3735,2869ce,fac375,FAILED,137045,4,23,0,137100.0,137123.0,0,55.0,78.0,end,[{0: 4}],-1,0
application_1506638472019_3737,2869ce,fac375,FAILED,137922,4,21,0,137940.0,137961.0,0,18.0,39.0,end,[{0: 4}],-1,0
application_1506638472019_3739,2869ce,fac375,FAILED,138093,4,27,0,138120.0,138147.0,0,27.0,54.0,end,[{0: 4}],-1,0
application_1506638472019_3740,2869ce,23a431,COMPLETED,138127,32,50430,0,138180.0,188610.0,0,53.0,50483.0,end,"[{0: 8}, {6: 8}, {7: 8}, {8: 8}]",-1,0
application_1506638472019_3741,2869ce,23a431,COMPLETED,138150,32,47358,0,138180.0,185538.0,0,30.0,47388.0,end,"[{9: 8}, {10: 8}, {11: 8}, {12: 8}]",-1,0
application_1506638472019_3742,2869ce,23a431,COMPLETED,138172,32,51170,0,185580.0,236750.0,0,47408.0,98578.0,end,"[{9: 8}, {10: 8}, {11: 8}, {12: 8}]",-1,0
application_1506638472019_3744,2869ce,fac375,FAILED,138708,4,23,0,185580.0,185603.0,0,46872.0,46895.0,end,[{13: 4}],-1,0
application_1506638472019_3745,2869ce,fac375,FAILED,139138,4,23,0,185580.0,185603.0,0,46442.0,46465.0,end,[{13: 4}],-1,0
application_1506638472019_3747,2869ce,fac375,CANCELLED,139356,4,296,0,185580.0,185876.0,0,46224.0,46520.0,end,[{14: 4}],-1,0
application_1506638472019_3749,2869ce,fac375,COMPLETED,140221,4,89,0,185580.0,185669.0,0,45359.0,45448.0,end,[{14: 4}],-1,0
application_1506638472019_3751,2869ce,fac375,COMPLETED,140532,8,320,0,185580.0,185900.0,0,45048.0,45368.0,end,[{15: 8}],-1,0
application_1506638472019_3752,2869ce,2be114,COMPLETED,140847,8,1496,0,185640.0,187136.0,0,44793.0,46289.0,end,[{13: 8}],-1,0
application_1506638472019_3762,2869ce,2be114,CANCELLED,142562,8,114,0,185880.0,185994.0,0,43318.0,43432.0,end,[{14: 8}],-1,0
application_1506638472019_3763,2869ce,2be114,FAILED,142674,8,21,0,185940.0,185961.0,0,43266.0,43287.0,end,[{15: 8}],-1,0
application_1506638472019_3765,2869ce,2be114,COMPLETED,142910,8,1404,0,186000.0,187404.0,0,43090.0,44494.0,end,[{14: 8}],-1,0
application_1506638472019_3769,2869ce,2be114,COMPLETED,144910,8,1224,0,186000.0,187224.0,0,41090.0,42314.0,end,[{15: 8}],-1,0
application_1506638472019_3773,2869ce,2be114,COMPLETED,145477,8,1053,0,187140.0,188193.0,0,41663.0,42716.0,end,[{13: 8}],-1,0
application_1506638472019_3781,2869ce,2be114,COMPLETED,147041,8,914,0,187260.0,188174.0,0,40219.0,41133.0,end,[{15: 8}],-1,0
application_1506638472019_3788,2869ce,2be114,COMPLETED,147759,8,1358,0,187440.0,188798.0,0,39681.0,41039.0,end,[{14: 8}],-1,0
application_1506638472019_3789,2869ce,2be114,COMPLETED,147907,8,946,0,188220.0,189166.0,0,40313.0,41259.0,end,[{13: 8}],-1,0
application_1506638472019_3795,2869ce,fac375,CANCELLED,148324,8,244,0,188220.0,188464.0,0,39896.0,40140.0,end,[{15: 8}],-1,0
application_1506638472019_3798,2869ce,fac375,COMPLETED,148580,8,2191,0,188520.0,190711.0,0,39940.0,42131.0,end,[{15: 8}],-1,0
application_1506638472019_3799,2869ce,2be114,COMPLETED,148710,8,1248,0,188640.0,189888.0,0,39930.0,41178.0,end,[{0: 8}],-1,0
application_1506638472019_3885,2869ce,fac375,FAILED,156784,8,1016,0,188640.0,189656.0,0,31856.0,32872.0,end,[{6: 8}],-1,0
application_1506638472019_3909,2869ce,fac375,COMPLETED,157833,4,36119,0,188640.0,224759.0,0,30807.0,66926.0,end,[{7: 4}],-1,0
application_1506638472019_3957,2869ce,8e96c6,FAILED,159269,8,33,0,188640.0,188673.0,0,29371.0,29404.0,end,[{8: 8}],-1,0
application_1506638472019_3959,2869ce,8e96c6,CANCELLED,159585,8,408,0,188700.0,189108.0,0,29115.0,29523.0,end,[{8: 8}],-1,0
application_1506638472019_3963,2869ce,8e96c6,CANCELLED,160071,8,141,0,188820.0,188961.0,0,28749.0,28890.0,end,[{14: 8}],-1,0
application_1506638472019_3976,2869ce,2be114,COMPLETED,162218,8,917,0,189000.0,189917.0,0,26782.0,27699.0,end,[{14: 8}],-1,0
application_1506638472019_3984,2869ce,2be114,COMPLETED,163328,8,1046,0,189120.0,190166.0,0,25792.0,26838.0,end,[{8: 8}],-1,0
application_1506638472019_4016,2869ce,2be114,FAILED,169166,8,85,0,189180.0,189265.0,0,20014.0,20099.0,end,[{13: 8}],-1,0
application_1506638472019_4156,2869ce,8e96c6,CANCELLED,177166,8,218,0,189300.0,189518.0,0,12134.0,12352.0,end,[{13: 8}],-1,0
application_1506638472019_4163,2869ce,8e96c6,CANCELLED,177571,8,236,0,189540.0,189776.0,0,11969.0,12205.0,end,[{13: 8}],-1,0
application_1506638472019_4165,2869ce,8e96c6,FAILED,177999,8,1009,0,189660.0,190669.0,0,11661.0,12670.0,end,[{6: 8}],-1,0
application_1506638472019_4311,2869ce,23a431,COMPLETED,209800,32,54887,0,209820.0,264707.0,0,20.0,54907.0,end,"[{0: 8}, {6: 8}, {8: 8}, {13: 8}]",-1,0
application_1506638472019_4312,2869ce,23a431,COMPLETED,209821,32,46944,0,236760.0,283704.0,0,26939.0,73883.0,end,"[{7: 8}, {9: 8}, {10: 8}, {11: 8}]",-1,0
application_1506638472019_4313,2869ce,23a431,COMPLETED,209844,32,47906,0,264720.0,312626.0,0,54876.0,102782.0,end,"[{0: 8}, {6: 8}, {8: 8}, {12: 8}]",-1,0
application_1506638472019_4314,2869ce,23a431,COMPLETED,209866,32,64338,0,283740.0,348078.0,0,73874.0,138212.0,end,"[{7: 8}, {9: 8}, {10: 8}, {11: 8}]",-1,0
application_1506638472019_4315,2869ce,23a431,COMPLETED,209888,32,48371,0,295560.0,343931.0,0,85672.0,134043.0,end,"[{1: 8}, {13: 8}, {14: 8}, {15: 8}]",-1,0
application_1506638472019_4331,2869ce,e4f747,FAILED,216905,8,64,0,299100.0,299164.0,0,82195.0,82259.0,end,[{2: 8}],-1,0
application_1506638472019_4332,2869ce,e4f747,CANCELLED,217068,8,86,0,299220.0,299306.0,0,82152.0,82238.0,end,[{2: 8}],-1,0
application_1506638472019_4336,2869ce,e4f747,CANCELLED,217685,8,54,0,299340.0,299394.0,0,81655.0,81709.0,end,[{2: 8}],-1,0
application_1506638472019_4337,2869ce,2be114,COMPLETED,217798,8,890,0,299340.0,300230.0,0,81542.0,82432.0,end,[{4: 8}],-1,0
application_1506638472019_4338,2869ce,e4f747,COMPLETED,217816,8,139,0,299400.0,299539.0,0,81584.0,81723.0,end,[{2: 8}],-1,0
application_1506638472019_4341,2869ce,e4f747,COMPLETED,218174,8,138,0,299580.0,299718.0,0,81406.0,81544.0,end,[{2: 8}],-1,0
application_1506638472019_4350,2869ce,2be114,CANCELLED,219548,8,490,0,299640.0,300130.0,0,80092.0,80582.0,end,[{5: 8}],-1,0
application_1506638472019_4355,2869ce,2be114,COMPLETED,221119,8,877,0,299760.0,300637.0,0,78641.0,79518.0,end,[{2: 8}],-1,0
application_1506638472019_4358,2869ce,683819,FAILED,222114,8,481,0,300180.0,300661.0,0,78066.0,78547.0,end,[{5: 8}],-1,0
application_1506638472019_4360,2869ce,2be114,COMPLETED,222702,8,892,0,300240.0,301132.0,0,77538.0,78430.0,end,[{4: 8}],-1,0
application_1506638472019_4361,2869ce,2be114,CANCELLED,223280,8,1027,0,300660.0,301687.0,0,77380.0,78407.0,end,[{2: 8}],-1,0
application_1506638472019_4367,2869ce,2be114,CANCELLED,224628,8,2114,0,300720.0,302834.0,0,76092.0,78206.0,end,[{5: 8}],-1,0
application_1506638472019_4373,2869ce,2be114,COMPLETED,226656,8,886,0,301140.0,302026.0,0,74484.0,75370.0,end,[{4: 8}],-1,0
application_1506638472019_4376,2869ce,2be114,FAILED,227811,8,85,0,301740.0,301825.0,0,73929.0,74014.0,end,[{2: 8}],-1,0
application_1506638472019_4379,2869ce,2be114,COMPLETED,228305,8,927,0,301860.0,302787.0,0,73555.0,74482.0,end,[{2: 8}],-1,0
application_1506638472019_4383,2869ce,2be114,COMPLETED,229313,8,961,0,302040.0,303001.0,0,72727.0,73688.0,end,[{4: 8}],-1,0
application_1506638472019_4386,2869ce,2be114,COMPLETED,229576,8,892,0,302820.0,303712.0,0,73244.0,74136.0,end,[{2: 8}],-1,0
application_1506638472019_4387,2869ce,2be114,COMPLETED,229636,8,935,0,302880.0,303815.0,0,73244.0,74179.0,end,[{5: 8}],-1,0
application_1506638472019_4391,2869ce,23a431,CANCELLED,230113,32,79,0,303960.0,304039.0,0,73847.0,73926.0,end,"[{2: 8}, {3: 8}, {4: 8}, {5: 8}]",-1,0
application_1506638472019_4394,2869ce,23a431,CANCELLED,230694,8,166,0,304080.0,304246.0,0,73386.0,73552.0,end,[{2: 8}],-1,0
application_1506638472019_4395,2869ce,23a431,CANCELLED,230755,32,304,0,304260.0,304564.0,0,73505.0,73809.0,end,"[{2: 8}, {3: 8}, {4: 8}, {5: 8}]",-1,0
application_1506638472019_4396,2869ce,23a431,CANCELLED,230817,8,107,0,304620.0,304727.0,0,73803.0,73910.0,end,[{2: 8}],-1,0
application_1506638472019_4397,2869ce,23a431,CANCELLED,230880,8,170,0,304620.0,304790.0,0,73740.0,73910.0,end,[{3: 8}],-1,0
application_1506638472019_4408,2869ce,2be114,COMPLETED,232313,8,901,0,304620.0,305521.0,0,72307.0,73208.0,end,[{4: 8}],-1,0
application_1506638472019_4414,2869ce,2be114,COMPLETED,234167,8,900,0,304620.0,305520.0,0,70453.0,71353.0,end,[{5: 8}],-1,0
application_1506638472019_4443,2869ce,fac375,COMPLETED,235375,8,80,0,304740.0,304820.0,0,69365.0,69445.0,end,[{2: 8}],-1,0
application_1506638472019_4449,2869ce,2be114,COMPLETED,235877,8,1206,0,304800.0,306006.0,0,68923.0,70129.0,end,[{3: 8}],-1,0
application_1506638472019_4455,2869ce,fac375,COMPLETED,236493,8,83,0,304860.0,304943.0,0,68367.0,68450.0,end,[{2: 8}],-1,0
application_1506638472019_4458,2869ce,fac375,COMPLETED,236665,8,19512,0,304980.0,324492.0,0,68315.0,87827.0,end,[{2: 8}],-1,0
application_1506638472019_4528,2869ce,8e96c6,FAILED,247425,8,502,0,305520.0,306022.0,0,58095.0,58597.0,end,[{5: 8}],-1,0
application_1506638472019_4542,2869ce,8e96c6,FAILED,248973,8,844,0,305580.0,306424.0,0,56607.0,57451.0,end,[{4: 8}],-1,0
application_1506638472019_4553,2869ce,8e96c6,FAILED,250649,8,1692,0,306060.0,307752.0,0,55411.0,57103.0,end,[{3: 8}],-1,0
application_1506638472019_4566,2869ce,fac375,COMPLETED,251504,8,54477,0,306060.0,360537.0,0,54556.0,109033.0,end,[{5: 8}],-1,0
application_1506638472019_4571,2869ce,fac375,COMPLETED,251911,8,60957,0,306480.0,367437.0,0,54569.0,115526.0,end,[{4: 8}],-1,0
application_1506638472019_4793,2869ce,8e96c6,FAILED,258215,8,462,0,307800.0,308262.0,0,49585.0,50047.0,end,[{3: 8}],-1,0
application_1506638472019_5188,2869ce,8e96c6,FAILED,261229,32,20,0,312660.0,312680.0,0,51431.0,51451.0,end,"[{0: 8}, {3: 8}, {6: 8}, {8: 8}]",-1,0
application_1506638472019_5338,2869ce,8e96c6,FAILED,261705,32,26,0,312720.0,312746.0,0,51015.0,51041.0,end,"[{0: 8}, {3: 8}, {6: 8}, {8: 8}]",-1,0
application_1506638472019_5344,2869ce,8e96c6,FAILED,262330,32,27,0,312780.0,312807.0,0,50450.0,50477.0,end,"[{0: 8}, {3: 8}, {6: 8}, {8: 8}]",-1,0
application_1506638472019_5345,2869ce,8e96c6,FAILED,262436,32,52,0,312840.0,312892.0,0,50404.0,50456.0,end,"[{0: 8}, {3: 8}, {6: 8}, {8: 8}]",-1,0
application_1506638472019_6064,2869ce,2be114,COMPLETED,297459,8,1454,0,312840.0,314294.0,0,15381.0,16835.0,end,[{12: 8}],-1,0
application_1506638472019_6066,2869ce,2be114,COMPLETED,297899,8,1352,0,312900.0,314252.0,0,15001.0,16353.0,end,[{0: 8}],-1,0
application_1506638472019_6070,2869ce,2be114,COMPLETED,299553,8,1324,0,312900.0,314224.0,0,13347.0,14671.0,end,[{3: 8}],-1,0
application_1506638472019_6076,2869ce,2be114,COMPLETED,302629,8,1346,0,312900.0,314246.0,0,10271.0,11617.0,end,[{6: 8}],-1,0
application_1506638472019_6114,2869ce,2be114,FAILED,309606,1,43,0,312900.0,312943.0,0,3294.0,3337.0,end,[{8: 1}],-1,0
application_1506638472019_6116,2869ce,2be114,CANCELLED,309860,1,120,0,312900.0,313020.0,0,3040.0,3160.0,end,[{8: 1}],-1,0
application_1506638472019_6140,2869ce,23a431,COMPLETED,314797,32,49351,0,314820.0,364171.0,0,23.0,49374.0,end,"[{0: 8}, {3: 8}, {6: 8}, {8: 8}]",-1,0
application_1506638472019_6141,2869ce,23a431,COMPLETED,314818,32,50862,0,343980.0,394842.0,0,29162.0,80024.0,end,"[{1: 8}, {2: 8}, {12: 8}, {13: 8}]",-1,0
application_1506638472019_6142,2869ce,fac375,COMPLETED,314827,8,611,0,343980.0,344591.0,0,29153.0,29764.0,end,[{14: 8}],-1,0
application_1506638472019_6143,2869ce,23a431,COMPLETED,314840,32,54041,0,348120.0,402161.0,0,33280.0,87321.0,end,"[{7: 8}, {9: 8}, {10: 8}, {11: 8}]",-1,0
application_1506638472019_6144,2869ce,23a431,COMPLETED,314862,32,53117,0,364200.0,417317.0,0,49338.0,102455.0,end,"[{0: 8}, {3: 8}, {5: 8}, {6: 8}]",-1,0
application_1506638472019_6145,2869ce,23a431,COMPLETED,314886,32,53301,0,367440.0,420741.0,0,52554.0,105855.0,end,"[{4: 8}, {8: 8}, {14: 8}, {15: 8}]",-1,0
application_1506638472019_6147,2869ce,fac375,COMPLETED,315187,8,532,0,394860.0,395392.0,0,79673.0,80205.0,end,[{1: 8}],-1,0
application_1506638472019_6149,2869ce,fac375,COMPLETED,315786,8,8448,0,394860.0,403308.0,0,79074.0,87522.0,end,[{2: 8}],-1,0
application_1506638472019_6155,2869ce,fac375,FAILED,317580,8,81,0,394860.0,394941.0,0,77280.0,77361.0,end,[{12: 8}],-1,0
application_1506638472019_6156,2869ce,fac375,COMPLETED,317954,8,4624,0,394860.0,399484.0,0,76906.0,81530.0,end,[{13: 8}],-1,0
application_1506638472019_6160,2869ce,2be114,CANCELLED,318975,8,36,0,394980.0,395016.0,0,76005.0,76041.0,end,[{12: 8}],-1,0
application_1506638472019_6161,2869ce,2be114,CANCELLED,318979,8,27,0,395040.0,395067.0,0,76061.0,76088.0,end,[{12: 8}],-1,0
application_1506638472019_6162,2869ce,2be114,CANCELLED,318982,8,18,0,395100.0,395118.0,0,76118.0,76136.0,end,[{12: 8}],-1,0
application_1506638472019_6164,2869ce,2be114,CANCELLED,319097,8,254,0,395160.0,395414.0,0,76063.0,76317.0,end,[{12: 8}],-1,0
application_1506638472019_6165,2869ce,2be114,CANCELLED,319101,8,291,0,395400.0,395691.0,0,76299.0,76590.0,end,[{1: 8}],-1,0
application_1506638472019_6166,2869ce,2be114,CANCELLED,319106,8,304,0,395460.0,395764.0,0,76354.0,76658.0,end,[{12: 8}],-1,0
application_1506638472019_6177,2869ce,2be114,CANCELLED,319632,8,57832,0,395700.0,453532.0,0,76068.0,133900.0,end,[{1: 8}],-1,0
application_1506638472019_6178,2869ce,2be114,CANCELLED,319636,8,57782,0,395820.0,453602.0,0,76184.0,133966.0,end,[{12: 8}],-1,0
application_1506638472019_6179,2869ce,2be114,CANCELLED,319639,8,63002,0,399540.0,462542.0,0,79901.0,142903.0,end,[{13: 8}],-1,0
application_1506638472019_6192,2869ce,fac375,COMPLETED,320788,4,291,0,402180.0,402471.0,0,81392.0,81683.0,end,[{7: 4}],-1,0
application_1506638472019_6193,2869ce,2be114,FAILED,321004,32,28,0,402480.0,402508.0,0,81476.0,81504.0,end,"[{7: 8}, {9: 8}, {10: 8}, {11: 8}]",-1,0
application_1506638472019_6195,2869ce,fac375,FAILED,321121,16,704,0,402540.0,403244.0,0,81419.0,82123.0,end,"[{7: 8}, {9: 8}]",-1,0
application_1506638472019_6196,2869ce,fac375,CANCELLED,321638,8,18543,0,402540.0,421083.0,0,80902.0,99445.0,end,[{10: 8}],-1,0
application_1506638472019_6211,2869ce,2be114,COMPLETED,323069,32,56631,0,403320.0,459951.0,0,80251.0,136882.0,end,"[{2: 8}, {7: 8}, {9: 8}, {11: 8}]",-1,0
application_1506638472019_7348,2869ce,fac375,FAILED,342986,8,61,0,417360.0,417421.0,0,74374.0,74435.0,end,[{0: 8}],-1,0
application_1506638472019_7349,2869ce,fac375,COMPLETED,343192,8,835,0,417360.0,418195.0,0,74168.0,75003.0,end,[{3: 8}],-1,0
application_1506638472019_7353,2869ce,fac375,COMPLETED,344065,8,46514,0,417360.0,463874.0,0,73295.0,119809.0,end,[{5: 8}],-1,0
application_1506638472019_9621,2869ce,fac375,COMPLETED,371333,8,1589,0,417360.0,418949.0,0,46027.0,47616.0,end,[{6: 8}],-1,0
application_1506638472019_9825,2869ce,2be114,COMPLETED,377670,8,174421,0,417480.0,591901.0,0,39810.0,214231.0,end,[{0: 8}],-1,0
application_1506638472019_9826,2869ce,2be114,CANCELLED,377734,8,5727,0,418200.0,423927.0,0,40466.0,46193.0,end,[{3: 8}],-1,0
application_1506638472019_9940,2869ce,683819,FAILED,382125,8,133,0,418980.0,419113.0,0,36855.0,36988.0,end,[{6: 8}],-1,0
application_1506638472019_9993,2869ce,2be114,FAILED,382589,8,61,0,419160.0,419221.0,0,36571.0,36632.0,end,[{6: 8}],-1,0
application_1506638472019_9997,2869ce,2be114,FAILED,382618,8,58,0,419280.0,419338.0,0,36662.0,36720.0,end,[{6: 8}],-1,0
application_1506638472019_10051,2869ce,2be114,COMPLETED,383081,8,174542,0,419340.0,593882.0,0,36259.0,210801.0,end,[{6: 8}],-1,0
application_1506638472019_10072,2869ce,683819,COMPLETED,383950,8,201683,0,420780.0,622463.0,0,36830.0,238513.0,end,[{4: 8}],-1,0
application_1506638472019_10190,2869ce,2be114,CANCELLED,389074,8,3097,0,420780.0,423877.0,0,31706.0,34803.0,end,[{8: 8}],-1,0
application_1506638472019_10204,2869ce,2be114,CANCELLED,393634,8,4047,0,420780.0,424827.0,0,27146.0,31193.0,end,[{14: 8}],-1,0
application_1506638472019_10220,2869ce,e4f747,COMPLETED,397630,8,985,0,420780.0,421765.0,0,23150.0,24135.0,end,[{15: 8}],-1,0
application_1506638472019_10221,2869ce,2be114,COMPLETED,397686,8,1330,0,421140.0,422470.0,0,23454.0,24784.0,end,[{10: 8}],-1,0
application_1506638472019_10227,2869ce,e4f747,COMPLETED,398828,8,165143,0,421800.0,586943.0,0,22972.0,188115.0,end,[{15: 8}],-1,0
application_1506638472019_10228,2869ce,e4f747,COMPLETED,398850,8,165826,0,422520.0,588346.0,0,23670.0,189496.0,end,[{10: 8}],-1,0
application_1506638472019_10232,2869ce,e4f747,FAILED,398881,32,24,0,453540.0,453564.0,0,54659.0,54683.0,end,"[{1: 8}, {3: 8}, {8: 8}, {14: 8}]",-1,0
application_1506638472019_10234,2869ce,e4f747,FAILED,398903,32,26,0,453600.0,453626.0,0,54697.0,54723.0,end,"[{1: 8}, {3: 8}, {8: 8}, {14: 8}]",-1,0
application_1506638472019_10238,2869ce,e4f747,COMPLETED,398944,8,281881,0,453660.0,735541.0,0,54716.0,336597.0,end,[{1: 8}],-1,0
application_1506638472019_10239,2869ce,e4f747,FAILED,398964,8,293649,0,453660.0,747309.0,0,54696.0,348345.0,end,[{3: 8}],-1,0
application_1506638472019_10240,2869ce,e4f747,COMPLETED,399005,8,267976,0,453660.0,721636.0,0,54655.0,322631.0,end,[{8: 8}],-1,0
application_1506638472019_10241,2869ce,e4f747,COMPLETED,399026,8,305793,0,453660.0,759453.0,0,54634.0,360427.0,end,[{12: 8}],-1,0
application_1506638472019_10254,2869ce,e4f747,COMPLETED,401885,32,54108,0,459960.0,514068.0,0,58075.0,112183.0,end,"[{2: 8}, {7: 8}, {9: 8}, {11: 8}]",-1,0
application_1506638472019_10255,2869ce,e4f747,COMPLETED,401907,32,59960,0,514080.0,574040.0,0,112173.0,172133.0,end,"[{2: 8}, {5: 8}, {7: 8}, {9: 8}]",-1,0
application_1506638472019_10364,2869ce,2be114,CANCELLED,412578,8,715,0,514080.0,514795.0,0,101502.0,102217.0,end,[{11: 8}],-1,0
application_1506638472019_10376,2869ce,2be114,CANCELLED,413319,8,298,0,514080.0,514378.0,0,100761.0,101059.0,end,[{13: 8}],-1,0
application_1506638472019_10474,2869ce,fac375,COMPLETED,424115,8,1001,0,514080.0,515081.0,0,89965.0,90966.0,end,[{14: 8}],-1,0
application_1506638472019_10477,2869ce,fac375,CANCELLED,424641,8,96149,0,514380.0,610529.0,0,89739.0,185888.0,end,[{13: 8}],-1,0
application_1506638472019_10592,2869ce,fac375,COMPLETED,427136,8,170465,0,514800.0,685265.0,0,87664.0,258129.0,end,[{11: 8}],-1,0
application_1506638472019_11112,2869ce,8e96c6,FAILED,432643,8,1352,0,515100.0,516452.0,0,82457.0,83809.0,end,[{14: 8}],-1,0
application_1506638472019_11348,2869ce,8e96c6,CANCELLED,434942,8,87,0,516480.0,516567.0,0,81538.0,81625.0,end,[{14: 8}],-1,0
application_1506638472019_11395,2869ce,8e96c6,CANCELLED,435206,8,2071,0,516600.0,518671.0,0,81394.0,83465.0,end,[{14: 8}],-1,0
application_1506638472019_12637,2869ce,2be114,COMPLETED,465435,8,1327,0,518700.0,520027.0,0,53265.0,54592.0,end,[{14: 8}],-1,0
application_1506638472019_12647,2869ce,e4f747,COMPLETED,469554,8,203285,0,520080.0,723365.0,0,50526.0,253811.0,end,[{14: 8}],-1,0
application_1506638472019_12649,2869ce,683819,FAILED,470278,2,1343,0,574080.0,575423.0,0,103802.0,105145.0,end,[{2: 2}],-1,0
application_1506638472019_12656,2869ce,2be114,COMPLETED,472330,8,1243,0,574080.0,575323.0,0,101750.0,102993.0,end,[{5: 8}],-1,0
application_1506638472019_12662,2869ce,683819,FAILED,475433,2,1308,0,574080.0,575388.0,0,98647.0,99955.0,end,[{2: 2}],-1,0
application_1506638472019_12677,2869ce,e4f747,COMPLETED,481212,8,202371,0,574080.0,776451.0,0,92868.0,295239.0,end,[{7: 8}],-1,0
application_1506638472019_12679,2869ce,e4f747,CANCELLED,481316,8,50,0,574080.0,574130.0,0,92764.0,92814.0,end,[{9: 8}],-1,0
application_1506638472019_12680,2869ce,e4f747,COMPLETED,481343,8,703,0,574140.0,574843.0,0,92797.0,93500.0,end,[{9: 8}],-1,0
application_1506638472019_12686,2869ce,e4f747,COMPLETED,482317,8,165085,0,574860.0,739945.0,0,92543.0,257628.0,end,[{9: 8}],-1,0
application_1506638472019_12692,2869ce,e4f747,CANCELLED,484373,32,51,0,588360.0,588411.0,0,103987.0,104038.0,end,"[{2: 8}, {5: 8}, {10: 8}, {15: 8}]",-1,0
application_1506638472019_12693,2869ce,e4f747,CANCELLED,484398,32,58,0,588420.0,588478.0,0,104022.0,104080.0,end,"[{2: 8}, {5: 8}, {10: 8}, {15: 8}]",-1,0
application_1506638472019_12694,2869ce,e4f747,CANCELLED,484461,8,40,0,588480.0,588520.0,0,104019.0,104059.0,end,[{2: 8}],-1,0
application_1506638472019_12697,2869ce,e4f747,COMPLETED,484619,32,55625,0,588540.0,644165.0,0,103921.0,159546.0,end,"[{2: 8}, {5: 8}, {10: 8}, {15: 8}]",-1,0
application_1506638472019_12698,2869ce,e4f747,COMPLETED,484642,32,47159,0,622500.0,669659.0,0,137858.0,185017.0,end,"[{0: 8}, {4: 8}, {6: 8}, {13: 8}]",-1,0
application_1506638472019_12699,2869ce,fac375,CANCELLED,484645,8,111363,0,644220.0,755583.0,0,159575.0,270938.0,end,[{2: 8}],-1,0
application_1506638472019_12700,2869ce,e4f747,COMPLETED,484672,8,165172,0,644220.0,809392.0,0,159548.0,324720.0,end,[{5: 8}],-1,0
application_1506638472019_12701,2869ce,e4f747,COMPLETED,484694,8,165854,0,644220.0,810074.0,0,159526.0,325380.0,end,[{10: 8}],-1,0
application_1506638472019_12702,2869ce,e4f747,COMPLETED,484731,8,242185,0,644220.0,886405.0,0,159489.0,401674.0,end,[{15: 8}],-1,0
application_1506638472019_12703,2869ce,e4f747,COMPLETED,484752,8,225554,0,669660.0,895214.0,0,184908.0,410462.0,end,[{0: 8}],-1,0
application_1506638472019_12704,2869ce,e4f747,COMPLETED,484794,8,204406,0,669660.0,874066.0,0,184866.0,389272.0,end,[{4: 8}],-1,0
application_1506638472019_12705,2869ce,e4f747,COMPLETED,484814,8,203661,0,669660.0,873321.0,0,184846.0,388507.0,end,[{6: 8}],-1,0
application_1506638472019_12709,2869ce,e4f747,COMPLETED,485581,8,203939,0,669660.0,873599.0,0,184079.0,388018.0,end,[{13: 8}],-1,0
application_1506638472019_12892,2869ce,2be114,COMPLETED,494703,8,125,0,685320.0,685445.0,0,190617.0,190742.0,end,[{11: 8}],-1,0
application_1506638472019_12969,2869ce,259ed8,FAILED,499844,2,1111,0,685500.0,686611.0,0,185656.0,186767.0,end,[{11: 2}],-1,0
application_1506638472019_12972,2869ce,259ed8,FAILED,500080,2,1091,0,685500.0,686591.0,0,185420.0,186511.0,end,[{11: 2}],-1,0
application_1506638472019_12973,2869ce,259ed8,FAILED,500100,2,960,0,685500.0,686460.0,0,185400.0,186360.0,end,[{11: 2}],-1,0
application_1506638472019_12974,2869ce,259ed8,FAILED,500119,2,879,0,685500.0,686379.0,0,185381.0,186260.0,end,[{11: 2}],-1,0
application_1506638472019_12975,2869ce,259ed8,FAILED,500139,2,439,0,686400.0,686839.0,0,186261.0,186700.0,end,[{11: 2}],-1,0
application_1506638472019_14063,2869ce,2be114,COMPLETED,508173,8,175750,0,686880.0,862630.0,0,178707.0,354457.0,end,[{11: 8}],-1,0
application_1506638472019_14072,2869ce,2be114,COMPLETED,508686,8,186944,0,721680.0,908624.0,0,212994.0,399938.0,end,[{8: 8}],-1,0
application_1506638472019_14079,2869ce,8e96c6,CANCELLED,509521,8,41,0,723420.0,723461.0,0,213899.0,213940.0,end,[{14: 8}],-1,0
application_1506638472019_14088,2869ce,8e96c6,CANCELLED,509928,8,169,0,723480.0,723649.0,0,213552.0,213721.0,end,[{14: 8}],-1,0
application_1506638472019_14093,2869ce,8e96c6,CANCELLED,510184,8,305,0,723660.0,723965.0,0,213476.0,213781.0,end,[{14: 8}],-1,0
application_1506638472019_14097,2869ce,8b8433,CANCELLED,510570,2,167928,0,724020.0,891948.0,0,213450.0,381378.0,end,[{14: 2}],-1,0
application_1506638472019_14204,2869ce,8b8433,FAILED,523417,2,652,0,724020.0,724672.0,0,200603.0,201255.0,end,[{14: 2}],-1,0
application_1506638472019_14304,2869ce,6426ce,FAILED,544548,2,51,0,724020.0,724071.0,0,179472.0,179523.0,end,[{14: 2}],-1,0
application_1506638472019_14326,2869ce,6426ce,CANCELLED,546677,2,371,0,724020.0,724391.0,0,177343.0,177714.0,end,[{14: 2}],-1,0
application_1506638472019_14331,2869ce,6426ce,CANCELLED,547403,1,23,0,724080.0,724103.0,0,176677.0,176700.0,end,[{14: 1}],-1,0
application_1506638472019_14334,2869ce,6426ce,FAILED,547492,1,43,0,724080.0,724123.0,0,176588.0,176631.0,end,[{14: 1}],-1,0
application_1506638472019_14335,2869ce,6426ce,CANCELLED,547524,1,35,0,724140.0,724175.0,0,176616.0,176651.0,end,[{14: 1}],-1,0
application_1506638472019_14336,2869ce,6426ce,CANCELLED,547547,1,20,0,724140.0,724160.0,0,176593.0,176613.0,end,[{14: 1}],-1,0
application_1506638472019_14384,2869ce,6426ce,CANCELLED,564568,2,16,0,724200.0,724216.0,0,159632.0,159648.0,end,[{14: 2}],-1,0
application_1506638472019_14392,2869ce,6426ce,FAILED,565399,4,49,0,724440.0,724489.0,0,159041.0,159090.0,end,[{14: 4}],-1,0
application_1506638472019_14397,2869ce,6426ce,CANCELLED,567357,4,25,0,724500.0,724525.0,0,157143.0,157168.0,end,[{14: 4}],-1,0
application_1506638472019_15431,2869ce,fac375,FAILED,653401,8,30,0,735600.0,735630.0,0,82199.0,82229.0,end,[{1: 8}],-1,0
application_1506638472019_16034,2869ce,fac375,CANCELLED,677216,8,69799,0,735660.0,805459.0,0,58444.0,128243.0,end,[{1: 8}],-1,0
application_1506638472019_17241,2869ce,6426ce,FAILED,717668,1,47,0,735660.0,735707.0,0,17992.0,18039.0,end,[{14: 1}],-1,0
application_1506638472019_17247,2869ce,6426ce,FAILED,717858,4,48,0,735660.0,735708.0,0,17802.0,17850.0,end,[{14: 4}],-1,0
application_1506638472019_17269,2869ce,683819,FAILED,719014,8,138,0,739980.0,740118.0,0,20966.0,21104.0,end,[{9: 8}],-1,0
application_1506638472019_17274,2869ce,683819,COMPLETED,719856,8,603739,0,740160.0,1343899.0,0,20304.0,624043.0,end,[{9: 8}],-1,0
application_1506638472019_17278,2869ce,fac375,FAILED,720347,8,301,0,747360.0,747661.0,0,27013.0,27314.0,end,[{3: 8}],-1,0
application_1506638472019_17299,2869ce,fac375,FAILED,722194,8,872,0,747720.0,748592.0,0,25526.0,26398.0,end,[{3: 8}],-1,0
application_1506638472019_17307,2869ce,fac375,FAILED,723484,8,1020,0,748620.0,749640.0,0,25136.0,26156.0,end,[{3: 8}],-1,0
application_1506638472019_17335,2869ce,fac375,COMPLETED,725619,8,67173,0,749640.0,816813.0,0,24021.0,91194.0,end,[{3: 8}],-1,0
application_1506638472019_17360,2869ce,23a431,COMPLETED,730728,8,165572,0,755640.0,921212.0,0,24912.0,190484.0,end,[{2: 8}],-1,0
application_1506638472019_17456,2869ce,683819,COMPLETED,746840,8,158099,0,759480.0,917579.0,0,12640.0,170739.0,end,[{12: 8}],-1,0
application_1506638472019_17494,2869ce,fac375,COMPLETED,754208,8,29834,0,776460.0,806294.0,0,22252.0,52086.0,end,[{7: 8}],-1,0
application_1506638472019_20697,2869ce,c6a7f2,CANCELLED,869505,2,48960,0,869520.0,918480.0,0,15.0,48975.0,end,[{14: 2}],-1,0
application_1506638472019_21005,2869ce,8e96c6,FAILED,883615,8,70,0,883620.0,883690.0,0,5.0,75.0,end,[{1: 8}],-1,0
application_1506638472019_21495,2869ce,5645d8,FAILED,890002,8,55,0,890040.0,890095.0,0,38.0,93.0,end,[{1: 8}],-1,0
application_1506638472019_22078,2869ce,2be114,FAILED,899069,8,3468,0,899100.0,902568.0,0,31.0,3499.0,end,[{0: 8}],-1,0
application_1506638472019_22280,2869ce,2be114,COMPLETED,904291,8,1254,0,904320.0,905574.0,0,29.0,1283.0,end,[{0: 8}],-1,0
application_1506638472019_22463,2869ce,2be114,COMPLETED,907106,8,306101,0,907140.0,1213241.0,0,34.0,306135.0,end,[{0: 8}],-1,0
application_1506638472019_22464,2869ce,2be114,COMPLETED,907111,8,345403,0,907140.0,1252543.0,0,29.0,345432.0,end,[{1: 8}],-1,0
application_1506638472019_22465,2869ce,2be114,CANCELLED,907115,8,10025,0,907140.0,917165.0,0,25.0,10050.0,end,[{3: 8}],-1,0
application_1506638472019_22482,2869ce,2be114,COMPLETED,912435,8,178596,0,912480.0,1091076.0,0,45.0,178641.0,end,[{4: 8}],-1,0
application_1506638472019_22492,2869ce,683819,FAILED,914570,8,5589,0,914580.0,920169.0,0,10.0,5599.0,end,[{5: 8}],-1,0
application_1506638472019_22513,2869ce,23a431,CANCELLED,919914,32,31715,0,919920.0,951635.0,0,6.0,31721.0,end,"[{3: 8}, {6: 8}, {7: 8}, {8: 8}]",-1,0
application_1506638472019_22530,2869ce,23a431,FAILED,922674,16,4391,0,922680.0,927071.0,0,6.0,4397.0,end,"[{2: 8}, {5: 8}]",-1,0
application_1506638472019_22534,2869ce,8e96c6,COMPLETED,923260,8,4595,0,923280.0,927875.0,0,20.0,4615.0,end,[{10: 8}],-1,0
application_1506638472019_22605,2869ce,2be114,FAILED,926082,8,1003,0,926100.0,927103.0,0,18.0,1021.0,end,[{11: 8}],-1,0
application_1506638472019_22668,2869ce,2be114,FAILED,927644,8,197214,0,927660.0,1124874.0,0,16.0,197230.0,end,[{2: 8}],-1,0
application_1506638472019_22994,2869ce,8e96c6,CANCELLED,934382,8,33100,0,934440.0,967540.0,0,58.0,33158.0,end,[{5: 8}],-1,0
application_1506638472019_23081,2869ce,9f6078,CANCELLED,939324,8,162,0,939360.0,939522.0,0,36.0,198.0,end,[{10: 8}],-1,0
application_1506638472019_24424,2869ce,8e96c6,COMPLETED,971426,8,99640,0,971460.0,1071100.0,0,34.0,99674.0,end,[{3: 8}],-1,0
application_1506638472019_25270,2869ce,2be114,COMPLETED,980892,8,220006,0,980940.0,1200946.0,0,48.0,220054.0,end,[{5: 8}],-1,0
application_1506638472019_25274,2869ce,2be114,FAILED,980913,8,39028,0,980940.0,1019968.0,0,27.0,39055.0,end,[{6: 8}],-1,0
application_1506638472019_25778,2869ce,23a431,CANCELLED,987898,16,85497,0,987900.0,1073397.0,0,2.0,85499.0,end,"[{7: 8}, {8: 8}]",-1,0
application_1506638472019_26235,2869ce,683819,COMPLETED,1000262,8,210364,0,1000320.0,1210684.0,0,58.0,210422.0,end,[{10: 8}],-1,0
application_1506638472019_26242,2869ce,2be114,FAILED,1005044,8,3375,0,1005060.0,1008435.0,0,16.0,3391.0,end,[{11: 8}],-1,0
application_1506638472019_26395,2869ce,fac375,COMPLETED,1013577,1,149,0,1013580.0,1013729.0,0,3.0,152.0,end,[{11: 1}],-1,0
application_1506638472019_26412,2869ce,fac375,CANCELLED,1014123,1,340,0,1014180.0,1014520.0,0,57.0,397.0,end,[{11: 1}],-1,0
application_1506638472019_26416,2869ce,fac375,FAILED,1014449,8,6716,0,1014480.0,1021196.0,0,31.0,6747.0,end,[{12: 8}],-1,0
application_1506638472019_26433,2869ce,fac375,COMPLETED,1015999,1,11695,0,1016040.0,1027735.0,0,41.0,11736.0,end,[{11: 1}],-1,0
application_1506638472019_26871,2869ce,fac375,FAILED,1028576,8,5673,0,1028580.0,1034253.0,0,4.0,5677.0,end,[{6: 8}],-1,0
application_1506638472019_28810,2869ce,fac375,FAILED,1067189,8,26721,0,1067220.0,1093941.0,0,31.0,26752.0,end,[{6: 8}],-1,0
application_1506638472019_29013,2869ce,2be114,COMPLETED,1072039,8,229668,0,1072080.0,1301748.0,0,41.0,229709.0,end,[{3: 8}],-1,0
application_1506638472019_29130,2869ce,fac375,FAILED,1095270,1,72493,0,1095300.0,1167793.0,0,30.0,72523.0,end,[{4: 1}],-1,0
application_1506638472019_29148,2869ce,683819,FAILED,1097679,8,29521,0,1097700.0,1127221.0,0,21.0,29542.0,end,[{6: 8}],-1,0
application_1506638472019_29149,2869ce,683819,FAILED,1097704,8,162955,0,1097760.0,1260715.0,0,56.0,163011.0,end,[{7: 8}],-1,0
application_1506638472019_29299,2869ce,fac375,COMPLETED,1103871,1,41827,0,1103880.0,1145707.0,0,9.0,41836.0,end,[{4: 1}],-1,0
application_1506638472019_29312,2869ce,9f6078,FAILED,1104913,1,35,0,1104960.0,1104995.0,0,47.0,82.0,end,[{4: 1}],-1,0
application_1506638472019_29695,2869ce,fac375,FAILED,1119194,1,72243,0,1119240.0,1191483.0,0,46.0,72289.0,end,[{4: 1}],-1,0
application_1506638472019_29708,2869ce,2be114,FAILED,1120150,8,87,0,1120200.0,1120287.0,0,50.0,137.0,end,[{8: 8}],-1,0
application_1506638472019_29719,2869ce,2be114,FAILED,1122233,8,1000,0,1122240.0,1123240.0,0,7.0,1007.0,end,[{8: 8}],-1,0
application_1506638472019_29724,2869ce,2be114,COMPLETED,1123198,8,3628,0,1123200.0,1126828.0,0,2.0,3630.0,end,[{11: 8}],-1,0
application_1506638472019_29727,2869ce,2be114,FAILED,1123638,8,1006,0,1123680.0,1124686.0,0,42.0,1048.0,end,[{8: 8}],-1,0
application_1506638472019_29738,2869ce,2be114,CANCELLED,1125005,8,2256,0,1125060.0,1127316.0,0,55.0,2311.0,end,[{2: 8}],-1,0
application_1506638472019_29752,2869ce,2be114,COMPLETED,1126775,8,227705,0,1126800.0,1354505.0,0,25.0,227730.0,end,[{8: 8}],-1,0
application_1506638472019_29755,2869ce,2be114,FAILED,1127581,8,299106,0,1127640.0,1426746.0,0,59.0,299165.0,end,[{2: 8}],-1,0
application_1506638472019_30515,2869ce,e4f747,FAILED,1170865,8,1009,0,1170900.0,1171909.0,0,35.0,1044.0,end,[{6: 8}],-1,0
application_1506638472019_30516,2869ce,e4f747,COMPLETED,1170870,8,186945,0,1170900.0,1357845.0,0,30.0,186975.0,end,[{11: 8}],-1,0
application_1506638472019_30517,2869ce,e4f747,COMPLETED,1170873,8,182355,0,1170900.0,1353255.0,0,27.0,182382.0,end,[{12: 8}],-1,0
application_1506638472019_30518,2869ce,e4f747,FAILED,1170882,8,220701,0,1170900.0,1391601.0,0,18.0,220719.0,end,[{13: 8}],-1,0
application_1506638472019_30519,2869ce,e4f747,FAILED,1170885,8,89457,0,1170900.0,1260357.0,0,15.0,89472.0,end,[{14: 8}],-1,0
application_1506638472019_31699,2869ce,6426ce,CANCELLED,1226879,2,19,0,1226880.0,1226899.0,0,1.0,20.0,end,[{0: 2}],-1,0
application_1506638472019_31700,2869ce,6426ce,CANCELLED,1226895,2,23,0,1226940.0,1226963.0,0,45.0,68.0,end,[{0: 2}],-1,0
application_1506638472019_32031,2869ce,fac375,COMPLETED,1283548,1,10644,0,1283580.0,1294224.0,0,32.0,10676.0,end,[{0: 1}],-1,0
application_1506638472019_32061,2869ce,2be114,FAILED,1287830,8,19,0,1287840.0,1287859.0,0,10.0,29.0,end,[{1: 8}],-1,0
application_1506638472019_32062,2869ce,2be114,FAILED,1287834,8,23,0,1287840.0,1287863.0,0,6.0,29.0,end,[{4: 8}],-1,0
application_1506638472019_32063,2869ce,2be114,COMPLETED,1287951,8,206830,0,1287960.0,1494790.0,0,9.0,206839.0,end,[{1: 8}],-1,0
application_1506638472019_32064,2869ce,2be114,COMPLETED,1287955,8,207991,0,1287960.0,1495951.0,0,5.0,207996.0,end,[{4: 8}],-1,0
application_1506638472019_32065,2869ce,2be114,FAILED,1288081,8,265799,0,1288140.0,1553939.0,0,59.0,265858.0,end,[{5: 8}],-1,0
application_1506638472019_32066,2869ce,2be114,COMPLETED,1288091,8,333078,0,1288140.0,1621218.0,0,49.0,333127.0,end,[{6: 8}],-1,0
application_1506638472019_32067,2869ce,2be114,COMPLETED,1288116,8,206597,0,1288140.0,1494737.0,0,24.0,206621.0,end,[{7: 8}],-1,0
application_1506638472019_32132,2869ce,6426ce,CANCELLED,1301936,1,7,0,1301940.0,1301947.0,0,4.0,11.0,end,[{0: 1}],-1,0
application_1506638472019_32841,2869ce,683819,COMPLETED,1323088,8,157503,0,1323120.0,1480623.0,0,32.0,157535.0,end,[{0: 8}],-1,0
application_1506638472019_32968,2869ce,683819,COMPLETED,1334690,8,160291,0,1334700.0,1494991.0,0,10.0,160301.0,end,[{3: 8}],-1,0
application_1506638472019_32975,2869ce,2be114,FAILED,1335370,8,75632,0,1335420.0,1411052.0,0,50.0,75682.0,end,[{10: 8}],-1,0
application_1506638472019_34165,2869ce,2be114,FAILED,1379506,8,30917,0,1379520.0,1410437.0,0,14.0,30931.0,end,[{8: 8}],-1,0
application_1506638472019_35877,2869ce,23a431,FAILED,1414542,8,41,0,1414560.0,1414601.0,0,18.0,59.0,end,[{8: 8}],-1,0
application_1506638472019_36610,2869ce,23a431,CANCELLED,1431811,8,796,0,1431840.0,1432636.0,0,29.0,825.0,end,[{2: 8}],-1,0
application_1506638472019_36611,2869ce,23a431,CANCELLED,1431898,8,66,0,1431900.0,1431966.0,0,2.0,68.0,end,[{8: 8}],-1,0
application_1506638472019_36618,2869ce,23a431,FAILED,1432500,8,44,0,1432500.0,1432544.0,0,0.0,44.0,end,[{8: 8}],-1,0
application_1506638472019_36953,2869ce,2be114,FAILED,1442600,8,72,0,1442640.0,1442712.0,0,40.0,112.0,end,[{2: 8}],-1,0
application_1506638472019_37472,2869ce,2be114,CANCELLED,1468768,8,17,0,1468800.0,1468817.0,0,32.0,49.0,end,[{2: 8}],-1,0
application_1506638472019_37487,2869ce,2be114,CANCELLED,1468923,8,1862,0,1468980.0,1470842.0,0,57.0,1919.0,end,[{2: 8}],-1,0
application_1506638472019_37741,2869ce,2be114,FAILED,1470834,8,29514,0,1470840.0,1500354.0,0,6.0,29520.0,end,[{8: 8}],-1,0
application_1506638472019_38617,2869ce,273230,FAILED,1497285,8,30036,0,1497300.0,1527336.0,0,15.0,30051.0,end,[{0: 8}],-1,0
application_1506638472019_38655,2869ce,2be114,FAILED,1502926,8,1003,0,1502940.0,1503943.0,0,14.0,1017.0,end,[{1: 8}],-1,0
application_1506638472019_38657,2869ce,2be114,CANCELLED,1503219,8,10141,0,1503240.0,1513381.0,0,21.0,10162.0,end,[{2: 8}],-1,0
application_1506638472019_38660,2869ce,e4f747,FAILED,1503762,8,118514,0,1503780.0,1622294.0,0,18.0,118532.0,end,[{3: 8}],-1,0
application_1506638472019_38661,2869ce,e4f747,COMPLETED,1503766,8,198407,0,1503780.0,1702187.0,0,14.0,198421.0,end,[{4: 8}],-1,0
application_1506638472019_38662,2869ce,e4f747,FAILED,1503770,8,1009,0,1503780.0,1504789.0,0,10.0,1019.0,end,[{7: 8}],-1,0
application_1506638472019_38670,2869ce,fac375,COMPLETED,1505584,1,11234,0,1505640.0,1516874.0,0,56.0,11290.0,end,[{1: 1}],-1,0
application_1506638472019_38700,2869ce,fac375,COMPLETED,1511673,1,7180,0,1511700.0,1518880.0,0,27.0,7207.0,end,[{1: 1}],-1,0
application_1506638472019_38701,2869ce,fac375,COMPLETED,1511683,1,8691,0,1511700.0,1520391.0,0,17.0,8708.0,end,[{1: 1}],-1,0
application_1506638472019_38702,2869ce,fac375,COMPLETED,1511692,1,8608,0,1511700.0,1520308.0,0,8.0,8616.0,end,[{1: 1}],-1,0
application_1506638472019_38703,2869ce,fac375,COMPLETED,1511700,1,6228,0,1511700.0,1517928.0,0,0.0,6228.0,end,[{1: 1}],-1,0
application_1506638472019_38704,2869ce,fac375,COMPLETED,1511710,1,10946,0,1511760.0,1522706.0,0,50.0,10996.0,end,[{1: 1}],-1,0
application_1506638472019_38706,2869ce,fac375,COMPLETED,1511740,1,10801,0,1511760.0,1522561.0,0,20.0,10821.0,end,[{1: 1}],-1,0
application_1506638472019_38707,2869ce,fac375,COMPLETED,1511749,1,8690,0,1511760.0,1520450.0,0,11.0,8701.0,end,[{1: 1}],-1,0
application_1506638472019_38708,2869ce,fac375,COMPLETED,1511760,1,11301,0,1511760.0,1523061.0,0,0.0,11301.0,end,[{7: 1}],-1,0
application_1506638472019_38709,2869ce,fac375,COMPLETED,1511770,1,10158,0,1511820.0,1521978.0,0,50.0,10208.0,end,[{7: 1}],-1,0
application_1506638472019_38710,2869ce,fac375,COMPLETED,1511787,1,10996,0,1511820.0,1522816.0,0,33.0,11029.0,end,[{7: 1}],-1,0
application_1506638472019_38856,2869ce,273230,FAILED,1526279,8,7275,0,1526280.0,1533555.0,0,1.0,7276.0,end,[{1: 8}],-1,0
application_1506638472019_38916,2869ce,2be114,FAILED,1531015,8,1244,0,1531020.0,1532264.0,0,5.0,1249.0,end,[{0: 8}],-1,0
application_1508364558011_0790,2869ce,683819,COMPLETED,1583423,8,172916,0,1583460.0,1756376.0,0,37.0,172953.0,end,[{0: 8}],-1,0
application_1508364558011_0791,2869ce,683819,COMPLETED,1583429,8,179452,0,1583460.0,1762912.0,0,31.0,179483.0,end,[{1: 8}],-1,0
application_1508364558011_0796,2869ce,683819,FAILED,1583831,8,224076,0,1583880.0,1807956.0,0,49.0,224125.0,end,[{2: 8}],-1,0
application_1508364558011_0797,2869ce,683819,FAILED,1583842,8,234050,0,1583880.0,1817930.0,0,38.0,234088.0,end,[{5: 8}],-1,0
application_1508364558011_0996,2869ce,2be114,CANCELLED,1600982,8,28474,0,1601040.0,1629514.0,0,58.0,28532.0,end,[{7: 8}],-1,0
application_1508364558011_1010,2869ce,2be114,CANCELLED,1603840,8,27694,0,1603860.0,1631554.0,0,20.0,27714.0,end,[{8: 8}],-1,0
application_1508364558011_1012,2869ce,2be114,CANCELLED,1604183,8,26752,0,1604220.0,1630972.0,0,37.0,26789.0,end,[{9: 8}],-1,0
application_1508364558011_1073,2869ce,2be114,CANCELLED,1607608,8,21498,0,1607640.0,1629138.0,0,32.0,21530.0,end,[{10: 8}],-1,0
application_1508364558011_1078,2869ce,2be114,CANCELLED,1608761,1,20508,0,1608780.0,1629288.0,0,19.0,20527.0,end,[{11: 1}],-1,0
application_1508364558011_1418,2869ce,2be114,CANCELLED,1629295,8,1748,0,1629300.0,1631048.0,0,5.0,1753.0,end,[{3: 8}],-1,0
application_1508364558011_1424,2869ce,2be114,CANCELLED,1630047,8,68744,0,1630080.0,1698824.0,0,33.0,68777.0,end,[{6: 8}],-1,0
application_1508364558011_1443,2869ce,2be114,FAILED,1631705,8,27291,0,1631760.0,1659051.0,0,55.0,27346.0,end,[{3: 8}],-1,0
application_1508364558011_4458,2869ce,e4f747,FAILED,1675491,8,211981,0,1675500.0,1887481.0,0,9.0,211990.0,end,[{3: 8}],-1,0
application_1508364558011_4459,2869ce,e4f747,COMPLETED,1675496,8,232109,0,1675500.0,1907609.0,0,4.0,232113.0,end,[{7: 8}],-1,0
application_1508364558011_4460,2869ce,e4f747,COMPLETED,1675499,8,233642,0,1675500.0,1909142.0,0,1.0,233643.0,end,[{8: 8}],-1,0
application_1508364558011_4555,2869ce,2be114,FAILED,1699706,8,401456,0,1699740.0,2101196.0,0,34.0,401490.0,end,[{6: 8}],-1,0
application_1508364558011_4556,2869ce,2be114,FAILED,1699764,8,237606,0,1699800.0,1937406.0,0,36.0,237642.0,end,[{9: 8}],-1,0
application_1508364558011_4557,2869ce,2be114,FAILED,1699786,8,73724,0,1699800.0,1773524.0,0,14.0,73738.0,end,[{10: 8}],-1,0
application_1508364558011_4625,2869ce,2be114,CANCELLED,1700170,32,107515,0,1700220.0,1807735.0,0,50.0,107565.0,end,"[{11: 8}, {12: 8}, {13: 8}, {14: 8}]",-1,0
application_1508364558011_6211,2869ce,273230,FAILED,1744153,8,38592,0,1744200.0,1782792.0,0,47.0,38639.0,end,[{4: 8}],-1,0
application_1508364558011_11258,2869ce,2be114,CANCELLED,1894933,8,265651,0,1894980.0,2160631.0,0,47.0,265698.0,end,[{0: 8}],-1,0
application_1508364558011_11259,2869ce,2be114,CANCELLED,1895051,32,34218,0,1895100.0,1929318.0,0,49.0,34267.0,end,"[{1: 8}, {2: 8}, {3: 8}, {4: 8}]",-1,0
application_1508364558011_12803,2869ce,2be114,CANCELLED,1935996,32,2139,0,1936020.0,1938159.0,0,24.0,2163.0,end,"[{1: 8}, {2: 8}, {3: 8}, {4: 8}]",-1,0
application_1508364558011_12910,2869ce,2be114,CANCELLED,1939800,32,4266,0,1939800.0,1944066.0,0,0.0,4266.0,end,"[{1: 8}, {2: 8}, {3: 8}, {4: 8}]",-1,0
application_1508364558011_12934,2869ce,2be114,FAILED,1944053,32,149697,0,1944060.0,2093757.0,0,7.0,149704.0,end,"[{5: 8}, {7: 8}, {8: 8}, {9: 8}]",-1,0
application_1508364558011_12943,2869ce,e4f747,COMPLETED,1945573,8,191067,0,1945620.0,2136687.0,0,47.0,191114.0,end,[{1: 8}],-1,0
application_1508364558011_12944,2869ce,e4f747,COMPLETED,1945576,8,175491,0,1945620.0,2121111.0,0,44.0,175535.0,end,[{2: 8}],-1,0
application_1508364558011_12945,2869ce,e4f747,COMPLETED,1945580,8,171653,0,1945620.0,2117273.0,0,40.0,171693.0,end,[{3: 8}],-1,0
application_1508364558011_12946,2869ce,e4f747,COMPLETED,1945583,8,171545,0,1945620.0,2117165.0,0,37.0,171582.0,end,[{4: 8}],-1,0
application_1508364558011_12947,2869ce,e4f747,COMPLETED,1945593,8,167307,0,1945620.0,2112927.0,0,27.0,167334.0,end,[{10: 8}],-1,0
application_1508364558011_12948,2869ce,e4f747,COMPLETED,1945597,8,207514,0,1945620.0,2153134.0,0,23.0,207537.0,end,[{11: 8}],-1,0
application_1508364558011_12949,2869ce,e4f747,COMPLETED,1945601,8,171272,0,1945620.0,2116892.0,0,19.0,171291.0,end,[{12: 8}],-1,0
application_1508364558011_12950,2869ce,e4f747,COMPLETED,1945604,8,228667,0,1945620.0,2174287.0,0,16.0,228683.0,end,[{13: 8}],-1,0
application_1508364558011_12952,2869ce,2be114,CANCELLED,1946476,8,10596,0,1946520.0,1957116.0,0,44.0,10640.0,end,[{14: 8}],-1,0
application_1508364558011_13107,2869ce,2be114,FAILED,1957172,8,304587,0,1957200.0,2261787.0,0,28.0,304615.0,end,[{14: 8}],-1,0
application_1508364558011_13332,2869ce,273230,FAILED,1974984,8,816,0,1975020.0,1975836.0,0,36.0,852.0,end,[{15: 8}],-1,0
application_1508364558011_14568,2869ce,fac375,COMPLETED,2021297,1,12479,0,2021340.0,2033819.0,0,43.0,12522.0,end,[{15: 1}],-1,0
application_1508364558011_16565,2869ce,2be114,CANCELLED,2109156,2,11625,0,2109180.0,2120805.0,0,24.0,11649.0,end,[{5: 2}],-1,0
application_1508364558011_16822,2869ce,2be114,COMPLETED,2120761,2,1315,0,2120820.0,2122135.0,0,59.0,1374.0,end,[{3: 2}],-1,0
application_1508364558011_16829,2869ce,2be114,COMPLETED,2122549,2,296,0,2122560.0,2122856.0,0,11.0,307.0,end,[{2: 2}],-1,0
application_1508364558011_16842,2869ce,2be114,FAILED,2124522,32,16271,0,2124540.0,2140811.0,0,18.0,16289.0,end,"[{2: 8}, {3: 8}, {4: 8}, {5: 8}]",-1,0
application_1508364558011_16843,2869ce,2be114,COMPLETED,2124539,8,192018,0,2124540.0,2316558.0,0,1.0,192019.0,end,[{6: 8}],-1,0
application_1508364558011_17022,2869ce,273230,FAILED,2144587,8,21023,0,2144640.0,2165663.0,0,53.0,21076.0,end,[{1: 8}],-1,0
application_1508364558011_17514,2869ce,2be114,COMPLETED,2162781,32,71514,0,2162820.0,2234334.0,0,39.0,71553.0,end,"[{0: 8}, {2: 8}, {3: 8}, {4: 8}]",-1,0
application_1508364558011_17515,2869ce,2be114,COMPLETED,2163264,8,229397,0,2163300.0,2392697.0,0,36.0,229433.0,end,[{5: 8}],-1,0
application_1508364558011_17516,2869ce,2be114,COMPLETED,2163388,8,219000,0,2163420.0,2382420.0,0,32.0,219032.0,end,[{7: 8}],-1,0
application_1508364558011_17753,2869ce,273230,FAILED,2178494,8,1551,0,2178540.0,2180091.0,0,46.0,1597.0,end,[{1: 8}],-1,0
application_1508364558011_17783,2869ce,273230,FAILED,2179355,8,1716,0,2179380.0,2181096.0,0,25.0,1741.0,end,[{8: 8}],-1,0
application_1508364558011_18904,2869ce,2be114,COMPLETED,2203567,8,228334,0,2203620.0,2431954.0,0,53.0,228387.0,end,[{1: 8}],-1,0
application_1508364558011_18905,2869ce,2be114,COMPLETED,2203590,8,200435,0,2203620.0,2404055.0,0,30.0,200465.0,end,[{8: 8}],-1,0
application_1508364558011_18906,2869ce,2be114,COMPLETED,2203607,8,174586,0,2203620.0,2378206.0,0,13.0,174599.0,end,[{9: 8}],-1,0
application_1508364558011_19131,2869ce,fac375,COMPLETED,2216489,1,11291,0,2216520.0,2227811.0,0,31.0,11322.0,end,[{10: 1}],-1,0
application_1508364558011_19256,2869ce,273230,FAILED,2238081,8,7769,0,2238120.0,2245889.0,0,39.0,7808.0,end,[{0: 8}],-1,0
application_1508364558011_20328,2869ce,fac375,COMPLETED,2283490,1,10662,0,2283540.0,2294202.0,0,50.0,10712.0,end,[{0: 1}],-1,0
application_1508364558011_20330,2869ce,fac375,COMPLETED,2283622,1,10417,0,2283660.0,2294077.0,0,38.0,10455.0,end,[{0: 1}],-1,0
application_1508364558011_20796,2869ce,273230,COMPLETED,2320833,8,497347,0,2320860.0,2818207.0,0,27.0,497374.0,end,[{0: 8}],-1,0
application_1508364558011_20864,2869ce,273230,FAILED,2324979,8,571,0,2325000.0,2325571.0,0,21.0,592.0,end,[{2: 8}],-1,0
application_1508364558011_20866,2869ce,273230,FAILED,2325126,8,924,0,2325180.0,2326104.0,0,54.0,978.0,end,[{3: 8}],-1,0
application_1508364558011_20868,2869ce,273230,FAILED,2325151,8,839,0,2325180.0,2326019.0,0,29.0,868.0,end,[{4: 8}],-1,0
application_1508364558011_20869,2869ce,273230,FAILED,2325223,8,964,0,2325240.0,2326204.0,0,17.0,981.0,end,[{6: 8}],-1,0
application_1508364558011_20870,2869ce,273230,FAILED,2325239,8,2434,0,2325240.0,2327674.0,0,1.0,2435.0,end,[{10: 8}],-1,0
application_1508364558011_20871,2869ce,273230,FAILED,2325250,8,1244,0,2325300.0,2326544.0,0,50.0,1294.0,end,[{11: 8}],-1,0
application_1508364558011_20890,2869ce,273230,FAILED,2327466,8,427,0,2327520.0,2327947.0,0,54.0,481.0,end,[{2: 8}],-1,0
application_1508364558011_20893,2869ce,273230,FAILED,2327851,8,617,0,2327880.0,2328497.0,0,29.0,646.0,end,[{3: 8}],-1,0
application_1508364558011_21031,2869ce,273230,FAILED,2329745,8,1160,0,2329800.0,2330960.0,0,55.0,1215.0,end,[{2: 8}],-1,0
application_1508364558011_21294,2869ce,273230,FAILED,2350612,8,1197,0,2350620.0,2351817.0,0,8.0,1205.0,end,[{2: 8}],-1,0
application_1508364558011_21324,2869ce,273230,FAILED,2354120,8,15082,0,2354160.0,2369242.0,0,40.0,15122.0,end,[{2: 8}],-1,0
application_1508364558011_21611,2869ce,6426ce,CANCELLED,2362772,2,26,0,2362800.0,2362826.0,0,28.0,54.0,end,[{3: 2}],-1,0
application_1508364558011_21744,2869ce,273230,FAILED,2390157,8,785,0,2390160.0,2390945.0,0,3.0,788.0,end,[{2: 8}],-1,0
application_1508364558011_21745,2869ce,273230,FAILED,2390190,8,1093,0,2390220.0,2391313.0,0,30.0,1123.0,end,[{3: 8}],-1,0
application_1508364558011_21746,2869ce,273230,FAILED,2390211,8,529,0,2390220.0,2390749.0,0,9.0,538.0,end,[{4: 8}],-1,0
application_1508364558011_21769,2869ce,273230,FAILED,2396433,8,550,0,2396460.0,2397010.0,0,27.0,577.0,end,[{2: 8}],-1,0
application_1508364558011_21806,2869ce,273230,FAILED,2408450,8,770,0,2408460.0,2409230.0,0,10.0,780.0,end,[{2: 8}],-1,0
application_1508364558011_21963,2869ce,273230,FAILED,2425331,8,1658,0,2425380.0,2427038.0,0,49.0,1707.0,end,[{2: 8}],-1,0
application_1508364558011_22023,2869ce,273230,FAILED,2437582,8,751,0,2437620.0,2438371.0,0,38.0,789.0,end,[{1: 8}],-1,0
application_1508364558011_22144,2869ce,273230,FAILED,2480951,8,7181,0,2481000.0,2488181.0,0,49.0,7230.0,end,[{1: 8}],-1,0
application_1508364558011_22473,2869ce,2be114,CANCELLED,2556443,8,53,0,2556480.0,2556533.0,0,37.0,90.0,end,[{1: 8}],-1,0
application_1508364558011_22475,2869ce,2be114,COMPLETED,2557136,8,436,0,2557140.0,2557576.0,0,4.0,440.0,end,[{1: 8}],-1,0
application_1508364558011_22481,2869ce,2be114,COMPLETED,2559080,8,379,0,2559120.0,2559499.0,0,40.0,419.0,end,[{1: 8}],-1,0
application_1508364558011_22484,2869ce,2be114,COMPLETED,2559734,8,390,0,2559780.0,2560170.0,0,46.0,436.0,end,[{1: 8}],-1,0
application_1508364558011_22485,2869ce,2be114,COMPLETED,2560262,8,368,0,2560320.0,2560688.0,0,58.0,426.0,end,[{1: 8}],-1,0
application_1508364558011_22487,2869ce,2be114,COMPLETED,2560850,8,329,0,2560860.0,2561189.0,0,10.0,339.0,end,[{1: 8}],-1,0
application_1508364558011_22488,2869ce,2be114,COMPLETED,2560884,8,518,0,2560920.0,2561438.0,0,36.0,554.0,end,[{2: 8}],-1,0
application_1508364558011_22498,2869ce,2be114,COMPLETED,2561715,32,5762,0,2561760.0,2567522.0,0,45.0,5807.0,end,"[{1: 8}, {2: 8}, {3: 8}, {4: 8}]",-1,0
application_1508364558011_22507,2869ce,273230,FAILED,2564646,8,558,0,2564700.0,2565258.0,0,54.0,612.0,end,[{5: 8}],-1,0
application_1508364558011_22512,2869ce,273230,FAILED,2565792,8,767,0,2565840.0,2566607.0,0,48.0,815.0,end,[{5: 8}],-1,0
application_1508364558011_22619,2869ce,273230,FAILED,2572457,32,27,0,2572500.0,2572527.0,0,43.0,70.0,end,"[{1: 8}, {2: 8}, {3: 8}, {4: 8}]",-1,0
application_1508364558011_22634,2869ce,273230,CANCELLED,2575749,8,122307,0,2575800.0,2698107.0,0,51.0,122358.0,end,[{1: 8}],-1,0
application_1508364558011_22649,2869ce,273230,FAILED,2577541,32,28,0,2577600.0,2577628.0,0,59.0,87.0,end,"[{2: 8}, {3: 8}, {4: 8}, {5: 8}]",-1,0
application_1508364558011_22657,2869ce,273230,CANCELLED,2578681,8,119211,0,2578740.0,2697951.0,0,59.0,119270.0,end,[{2: 8}],-1,0
application_1508364558011_22659,2869ce,273230,CANCELLED,2578694,8,119629,0,2578740.0,2698369.0,0,46.0,119675.0,end,[{3: 8}],-1,0
application_1508364558011_22660,2869ce,273230,FAILED,2578709,8,1129,0,2578740.0,2579869.0,0,31.0,1160.0,end,[{4: 8}],-1,0
application_1508364558011_22671,2869ce,273230,CANCELLED,2578731,8,119448,0,2578740.0,2698188.0,0,9.0,119457.0,end,[{5: 8}],-1,0
application_1508364558011_22725,2869ce,273230,FAILED,2581163,8,953,0,2581200.0,2582153.0,0,37.0,990.0,end,[{4: 8}],-1,0
application_1508364558011_22726,2869ce,273230,FAILED,2581204,8,3050,0,2581260.0,2584310.0,0,56.0,3106.0,end,[{6: 8}],-1,0
application_1508364558011_22733,2869ce,273230,CANCELLED,2582059,8,114042,0,2582100.0,2696142.0,0,41.0,114083.0,end,[{7: 8}],-1,0
application_1508364558011_23025,2869ce,2be114,CANCELLED,2630636,32,3419,0,2630640.0,2634059.0,0,4.0,3423.0,end,"[{4: 8}, {6: 8}, {8: 8}, {9: 8}]",-1,0
application_1508364558011_23055,2869ce,2be114,CANCELLED,2638481,32,14367,0,2638500.0,2652867.0,0,19.0,14386.0,end,"[{4: 8}, {6: 8}, {8: 8}, {9: 8}]",-1,0
application_1508364558011_23150,2869ce,e4f747,FAILED,2657186,8,983,0,2657220.0,2658203.0,0,34.0,1017.0,end,[{4: 8}],-1,0
application_1508364558011_23162,2869ce,e4f747,COMPLETED,2659107,1,6098,0,2659140.0,2665238.0,0,33.0,6131.0,end,[{4: 1}],-1,0
application_1508364558011_23179,2869ce,e4f747,COMPLETED,2660570,8,266591,0,2660580.0,2927171.0,0,10.0,266601.0,end,[{6: 8}],-1,0
application_1508364558011_23181,2869ce,e4f747,COMPLETED,2660622,8,357531,0,2660640.0,3018171.0,0,18.0,357549.0,end,[{8: 8}],-1,0
application_1508364558011_24185,2869ce,273230,FAILED,2695097,8,7033,0,2695140.0,2702173.0,0,43.0,7076.0,end,[{4: 8}],-1,0
application_1508364558011_24333,2869ce,0af4a6,FAILED,2712867,1,161,0,2712900.0,2713061.0,0,33.0,194.0,end,[{1: 1}],-1,0
application_1508364558011_24346,2869ce,e4f747,FAILED,2715641,32,19,0,2715660.0,2715679.0,0,19.0,38.0,end,"[{1: 8}, {2: 8}, {3: 8}, {4: 8}]",-1,0
application_1508364558011_24351,2869ce,e4f747,COMPLETED,2716561,32,71469,0,2716620.0,2788089.0,0,59.0,71528.0,end,"[{1: 8}, {2: 8}, {3: 8}, {4: 8}]",-1,0
application_1508364558011_24477,2869ce,e4f747,COMPLETED,2735689,8,6781,0,2735700.0,2742481.0,0,11.0,6792.0,end,[{5: 8}],-1,0
application_1508364558011_24478,2869ce,e4f747,COMPLETED,2735797,8,50435,0,2735820.0,2786255.0,0,23.0,50458.0,end,[{7: 8}],-1,0
application_1508364558011_24636,2869ce,273230,COMPLETED,2750372,8,211769,0,2750400.0,2962169.0,0,28.0,211797.0,end,[{5: 8}],-1,0
application_1508364558011_24646,2869ce,273230,COMPLETED,2751640,8,243827,0,2751660.0,2995487.0,0,20.0,243847.0,end,[{9: 8}],-1,0
application_1508364558011_26013,2869ce,e4f747,COMPLETED,2805799,8,11883,0,2805840.0,2817723.0,0,41.0,11924.0,end,[{1: 8}],-1,0
application_1508364558011_26265,2869ce,e4f747,FAILED,2832891,8,18,0,2832900.0,2832918.0,0,9.0,27.0,end,[{0: 8}],-1,0
application_1508364558011_26266,2869ce,e4f747,FAILED,2832920,8,15,0,2832960.0,2832975.0,0,40.0,55.0,end,[{0: 8}],-1,0
application_1508364558011_26267,2869ce,e4f747,FAILED,2833041,8,15,0,2833080.0,2833095.0,0,39.0,54.0,end,[{0: 8}],-1,0
application_1508364558011_26268,2869ce,e4f747,FAILED,2833067,8,18,0,2833080.0,2833098.0,0,13.0,31.0,end,[{1: 8}],-1,0
application_1508364558011_26692,2869ce,273230,COMPLETED,2866675,8,104922,0,2866680.0,2971602.0,0,5.0,104927.0,end,[{0: 8}],-1,0
application_1508364558011_26880,2869ce,2be114,CANCELLED,2885140,8,1741,0,2885160.0,2886901.0,0,20.0,1761.0,end,[{1: 8}],-1,0
application_1508364558011_26892,2869ce,2be114,CANCELLED,2886533,8,4388,0,2886540.0,2890928.0,0,7.0,4395.0,end,[{2: 8}],-1,0
application_1508364558011_26925,2869ce,273230,COMPLETED,2887279,8,153124,0,2887320.0,3040444.0,0,41.0,153165.0,end,[{1: 8}],-1,0
application_1508364558011_26958,2869ce,683819,FAILED,2894386,32,246,0,2894400.0,2894646.0,0,14.0,260.0,end,"[{2: 8}, {3: 8}, {4: 8}, {7: 8}]",-1,0
application_1508364558011_27061,2869ce,e4f747,FAILED,2905386,8,10975,0,2905440.0,2916415.0,0,54.0,11029.0,end,[{2: 8}],-1,0
application_1508364558011_27062,2869ce,e4f747,FAILED,2905410,8,1077,0,2905440.0,2906517.0,0,30.0,1107.0,end,[{3: 8}],-1,0
application_1508364558011_27064,2869ce,e4f747,FAILED,2905489,8,28,0,2905500.0,2905528.0,0,11.0,39.0,end,[{4: 8}],-1,0
application_1508364558011_27065,2869ce,e4f747,FAILED,2905516,8,26,0,2905560.0,2905586.0,0,44.0,70.0,end,[{4: 8}],-1,0
application_1508364558011_27571,2869ce,273230,COMPLETED,2967810,8,95201,0,2967840.0,3063041.0,0,30.0,95231.0,end,[{2: 8}],-1,0
application_1508364558011_27584,2869ce,273230,COMPLETED,2971189,8,95527,0,2971200.0,3066727.0,0,11.0,95538.0,end,[{3: 8}],-1,0
application_1508364558011_27595,2869ce,273230,COMPLETED,2972942,8,95815,0,2973000.0,3068815.0,0,58.0,95873.0,end,[{0: 8}],-1,0
application_1508364558011_27603,2869ce,273230,COMPLETED,2974842,8,96024,0,2974860.0,3070884.0,0,18.0,96042.0,end,[{4: 8}],-1,0
application_1508364558011_27796,2869ce,2be114,FAILED,3016817,1,31,0,3016860.0,3016891.0,0,43.0,74.0,end,[{5: 1}],-1,0
application_1508364558011_27824,2869ce,2be114,CANCELLED,3024654,1,319,0,3024660.0,3024979.0,0,6.0,325.0,end,[{5: 1}],-1,0
application_1508364558011_27826,2869ce,2be114,COMPLETED,3024874,1,4275,0,3024900.0,3029175.0,0,26.0,4301.0,end,[{5: 1}],-1,0
application_1508364558011_27851,2869ce,2be114,COMPLETED,3031355,8,174611,0,3031380.0,3205991.0,0,25.0,174636.0,end,[{5: 8}],-1,0
application_1508364558011_27852,2869ce,2be114,COMPLETED,3031360,8,172541,0,3031380.0,3203921.0,0,20.0,172561.0,end,[{6: 8}],-1,0
application_1508364558011_27853,2869ce,2be114,COMPLETED,3031384,8,192793,0,3031440.0,3224233.0,0,56.0,192849.0,end,[{7: 8}],-1,0
application_1508364558011_27854,2869ce,2be114,COMPLETED,3031389,8,201609,0,3031440.0,3233049.0,0,51.0,201660.0,end,[{8: 8}],-1,0
application_1508364558011_27856,2869ce,2be114,COMPLETED,3031410,8,213753,0,3031440.0,3245193.0,0,30.0,213783.0,end,[{9: 8}],-1,0
application_1508364558011_27857,2869ce,2be114,COMPLETED,3031415,8,214586,0,3031440.0,3246026.0,0,25.0,214611.0,end,[{10: 8}],-1,0
application_1508364558011_27858,2869ce,2be114,COMPLETED,3031534,32,78004,0,3031560.0,3109564.0,0,26.0,78030.0,end,"[{11: 8}, {12: 8}, {13: 8}, {14: 8}]",-1,0
application_1508364558011_27859,2869ce,2be114,COMPLETED,3031539,32,55944,0,3066780.0,3122724.0,0,35241.0,91185.0,end,"[{1: 8}, {2: 8}, {3: 8}, {15: 8}]",-1,0
application_1508364558011_28298,2869ce,683819,COMPLETED,3135523,32,54831,0,3135540.0,3190371.0,0,17.0,54848.0,end,"[{0: 8}, {1: 8}, {2: 8}, {3: 8}]",-1,0
application_1508364558011_28456,2869ce,fac375,COMPLETED,3157169,1,10909,0,3157200.0,3168109.0,0,31.0,10940.0,end,[{4: 1}],-1,0
application_1508364558011_28459,2869ce,fac375,COMPLETED,3157723,1,42122,0,3157740.0,3199862.0,0,17.0,42139.0,end,[{4: 1}],-1,0
application_1508364558011_28493,2869ce,683819,CANCELLED,3164820,8,78751,0,3164820.0,3243571.0,0,0.0,78751.0,end,[{11: 8}],-1,0
application_1508364558011_28504,2869ce,683819,FAILED,3168386,8,92749,0,3168420.0,3261169.0,0,34.0,92783.0,end,[{12: 8}],-1,0
application_1508364558011_28509,2869ce,2be114,CANCELLED,3169972,8,16,0,3169980.0,3169996.0,0,8.0,24.0,end,[{13: 8}],-1,0
application_1508364558011_28510,2869ce,2be114,FAILED,3170072,8,894,0,3170100.0,3170994.0,0,28.0,922.0,end,[{13: 8}],-1,0
application_1508364558011_28511,2869ce,2be114,CANCELLED,3170115,8,61631,0,3170160.0,3231791.0,0,45.0,61676.0,end,[{14: 8}],-1,0
application_1508364558011_28515,2869ce,2be114,CANCELLED,3170895,8,60850,0,3170940.0,3231790.0,0,45.0,60895.0,end,[{15: 8}],-1,0
application_1508364558011_28532,2869ce,683819,COMPLETED,3171400,8,6231,0,3171420.0,3177651.0,0,20.0,6251.0,end,[{13: 8}],-1,0
application_1508364558011_28616,2869ce,1b5b7d,FAILED,3183355,8,5,0,3183360.0,3183365.0,0,5.0,10.0,end,[{13: 8}],-1,0
application_1508364558011_28655,2869ce,8e96c6,FAILED,3192155,8,36,0,3192180.0,3192216.0,0,25.0,61.0,end,[{0: 8}],-1,0
application_1508364558011_28658,2869ce,8e96c6,CANCELLED,3192606,8,3,0,3192660.0,3192663.0,0,54.0,57.0,end,[{0: 8}],-1,0
application_1508364558011_28662,2869ce,8e96c6,FAILED,3193155,8,45,0,3193200.0,3193245.0,0,45.0,90.0,end,[{0: 8}],-1,0
application_1508364558011_28665,2869ce,8e96c6,FAILED,3193417,8,37,0,3193440.0,3193477.0,0,23.0,60.0,end,[{0: 8}],-1,0
application_1508364558011_28666,2869ce,8e96c6,FAILED,3193456,8,38,0,3193500.0,3193538.0,0,44.0,82.0,end,[{0: 8}],-1,0
application_1508364558011_28668,2869ce,8e96c6,FAILED,3193486,8,24,0,3193500.0,3193524.0,0,14.0,38.0,end,[{1: 8}],-1,0
application_1508364558011_28671,2869ce,8e96c6,FAILED,3193559,8,40,0,3193560.0,3193600.0,0,1.0,41.0,end,[{0: 8}],-1,0
application_1508364558011_28672,2869ce,8e96c6,FAILED,3193572,8,36,0,3193620.0,3193656.0,0,48.0,84.0,end,[{0: 8}],-1,0
application_1508364558011_28675,2869ce,8e96c6,FAILED,3193696,8,38,0,3193740.0,3193778.0,0,44.0,82.0,end,[{0: 8}],-1,0
application_1508364558011_28695,2869ce,8e96c6,CANCELLED,3194364,8,4497,0,3194400.0,3198897.0,0,36.0,4533.0,end,[{0: 8}],-1,0
application_1508364558011_28699,2869ce,8e96c6,CANCELLED,3194485,8,4359,0,3194520.0,3198879.0,0,35.0,4394.0,end,[{1: 8}],-1,0
application_1508364558011_28702,2869ce,8e96c6,FAILED,3194628,8,969,0,3194640.0,3195609.0,0,12.0,981.0,end,[{2: 8}],-1,0
application_1508364558011_28704,2869ce,8e96c6,CANCELLED,3194843,8,3997,0,3194880.0,3198877.0,0,37.0,4034.0,end,[{3: 8}],-1,0
application_1508364558011_28738,2869ce,8e96c6,CANCELLED,3197160,8,1652,0,3197160.0,3198812.0,0,0.0,1652.0,end,[{2: 8}],-1,0
application_1508364558011_28883,2869ce,273230,FAILED,3208416,8,56,0,3208440.0,3208496.0,0,24.0,80.0,end,[{0: 8}],-1,0
application_1508364558011_28888,2869ce,5645d8,FAILED,3209066,8,38,0,3209100.0,3209138.0,0,34.0,72.0,end,[{0: 8}],-1,0
application_1508364558011_28946,2869ce,273230,COMPLETED,3218991,8,96650,0,3219000.0,3315650.0,0,9.0,96659.0,end,[{0: 8}],-1,0
application_1508364558011_28949,2869ce,273230,FAILED,3219632,8,248,0,3219660.0,3219908.0,0,28.0,276.0,end,[{1: 8}],-1,0
application_1508364558011_28964,2869ce,273230,FAILED,3221765,8,858,0,3221820.0,3222678.0,0,55.0,913.0,end,[{1: 8}],-1,0
application_1508364558011_28983,2869ce,273230,COMPLETED,3224285,8,95714,0,3224340.0,3320054.0,0,55.0,95769.0,end,[{1: 8}],-1,0
application_1508364558011_29156,2869ce,2be114,CANCELLED,3231802,8,7775,0,3231840.0,3239615.0,0,38.0,7813.0,end,[{2: 8}],-1,0
application_1508364558011_29173,2869ce,2be114,CANCELLED,3232642,8,89717,0,3232680.0,3322397.0,0,38.0,89755.0,end,[{3: 8}],-1,0
application_1508364558011_29174,2869ce,2be114,CANCELLED,3232691,8,3535,0,3232740.0,3236275.0,0,49.0,3584.0,end,[{4: 8}],-1,0
application_1508364558011_29175,2869ce,2be114,CANCELLED,3232731,8,99901,0,3232740.0,3332641.0,0,9.0,99910.0,end,[{5: 8}],-1,0
application_1508364558011_29176,2869ce,2be114,CANCELLED,3232798,8,24365,0,3232800.0,3257165.0,0,2.0,24367.0,end,[{6: 8}],-1,0
application_1508364558011_29177,2869ce,2be114,CANCELLED,3232874,8,96845,0,3232920.0,3329765.0,0,46.0,96891.0,end,[{7: 8}],-1,0
application_1508364558011_29211,2869ce,e4f747,COMPLETED,3238063,8,6511,0,3238080.0,3244591.0,0,17.0,6528.0,end,[{4: 8}],-1,0
application_1508364558011_29212,2869ce,e4f747,COMPLETED,3238100,8,4942,0,3238140.0,3243082.0,0,40.0,4982.0,end,[{8: 8}],-1,0
application_1508364558011_29213,2869ce,e4f747,COMPLETED,3238128,8,7546,0,3238140.0,3245686.0,0,12.0,7558.0,end,[{13: 8}],-1,0
application_1508364558011_29214,2869ce,e4f747,COMPLETED,3238134,8,8230,0,3238140.0,3246370.0,0,6.0,8236.0,end,[{14: 8}],-1,0
application_1508364558011_29215,2869ce,e4f747,COMPLETED,3238156,8,6075,0,3238200.0,3244275.0,0,44.0,6119.0,end,[{15: 8}],-1,0
application_1508364558011_29216,2869ce,e4f747,COMPLETED,3238184,8,6206,0,3239640.0,3245846.0,0,1456.0,7662.0,end,[{2: 8}],-1,0
application_1508364558011_29245,2869ce,2be114,CANCELLED,3240912,8,90187,0,3243120.0,3333307.0,0,2208.0,92395.0,end,[{8: 8}],-1,0
application_1508364558011_29275,2869ce,683819,COMPLETED,3249860,2,8798,0,3249900.0,3258698.0,0,40.0,8838.0,end,[{2: 2}],-1,0
application_1508364558011_29281,2869ce,fac375,COMPLETED,3250940,1,10550,0,3250980.0,3261530.0,0,40.0,10590.0,end,[{2: 1}],-1,0
application_1508364558011_29291,2869ce,fac375,FAILED,3253702,1,74,0,3253740.0,3253814.0,0,38.0,112.0,end,[{2: 1}],-1,0
application_1508364558011_29293,2869ce,fac375,COMPLETED,3254096,1,27369,0,3254100.0,3281469.0,0,4.0,27373.0,end,[{2: 1}],-1,0
application_1508364558011_29319,2869ce,683819,COMPLETED,3260748,8,5885,0,3260760.0,3266645.0,0,12.0,5897.0,end,[{4: 8}],-1,0
application_1508364558011_29335,2869ce,2be114,CANCELLED,3262704,8,19129,0,3262740.0,3281869.0,0,36.0,19165.0,end,[{6: 8}],-1,0
application_1508364558011_29336,2869ce,2be114,COMPLETED,3262765,8,250733,0,3262800.0,3513533.0,0,35.0,250768.0,end,[{9: 8}],-1,0
application_1508364558011_29645,2869ce,2be114,CANCELLED,3279427,8,2865,0,3279480.0,3282345.0,0,53.0,2918.0,end,[{4: 8}],-1,0
application_1508364558011_29657,2869ce,2be114,CANCELLED,3280116,8,1912,0,3280140.0,3282052.0,0,24.0,1936.0,end,[{10: 8}],-1,0
application_1508364558011_29667,2869ce,2be114,COMPLETED,3280842,8,248448,0,3280860.0,3529308.0,0,18.0,248466.0,end,[{11: 8}],-1,0
application_1508364558011_30085,2869ce,5645d8,CANCELLED,3291051,8,16207,0,3291060.0,3307267.0,0,9.0,16216.0,end,[{2: 8}],-1,0
application_1508364558011_30103,2869ce,5645d8,CANCELLED,3293111,8,13636,0,3293160.0,3306796.0,0,49.0,13685.0,end,[{4: 8}],-1,0
application_1508364558011_30297,2869ce,5645d8,FAILED,3309866,8,1855,0,3309900.0,3311755.0,0,34.0,1889.0,end,[{2: 8}],-1,0
application_1508364558011_30443,2869ce,2be114,CANCELLED,3330623,8,312,0,3330660.0,3330972.0,0,37.0,349.0,end,[{0: 8}],-1,0
application_1508364558011_30462,2869ce,fac375,CANCELLED,3331681,1,657,0,3331740.0,3332397.0,0,59.0,716.0,end,[{0: 1}],-1,0
application_1508364558011_30479,2869ce,683819,COMPLETED,3332025,8,204836,0,3332040.0,3536876.0,0,15.0,204851.0,end,[{1: 8}],-1,0
application_1508364558011_30480,2869ce,683819,COMPLETED,3332077,32,121860,0,3332100.0,3453960.0,0,23.0,121883.0,end,"[{2: 8}, {3: 8}, {4: 8}, {6: 8}]",-1,0
application_1508364558011_30481,2869ce,683819,COMPLETED,3332143,8,225128,0,3332160.0,3557288.0,0,17.0,225145.0,end,[{7: 8}],-1,0
application_1508364558011_30484,2869ce,683819,COMPLETED,3332204,8,208332,0,3332220.0,3540552.0,0,16.0,208348.0,end,[{10: 8}],-1,0
application_1508364558011_30489,2869ce,fac375,COMPLETED,3332719,1,53164,0,3332760.0,3385924.0,0,41.0,53205.0,end,[{0: 1}],-1,0
application_1508364558011_30492,2869ce,fac375,COMPLETED,3333097,1,9832,0,3333120.0,3342952.0,0,23.0,9855.0,end,[{0: 1}],-1,0
application_1508364558011_30501,2869ce,683819,FAILED,3335356,8,186,0,3335400.0,3335586.0,0,44.0,230.0,end,[{5: 8}],-1,0
application_1508364558011_30502,2869ce,683819,FAILED,3335365,8,71,0,3335400.0,3335471.0,0,35.0,106.0,end,[{8: 8}],-1,0
application_1508364558011_30503,2869ce,683819,CANCELLED,3335374,8,227,0,3335400.0,3335627.0,0,26.0,253.0,end,[{12: 8}],-1,0
application_1508364558011_30684,2869ce,5645d8,COMPLETED,3339151,8,3821,0,3339180.0,3343001.0,0,29.0,3850.0,end,[{5: 8}],-1,0
application_1508364558011_30817,2869ce,683819,COMPLETED,3341180,8,185142,0,3341220.0,3526362.0,0,40.0,185182.0,end,[{8: 8}],-1,0
application_1508364558011_30818,2869ce,683819,COMPLETED,3341187,8,226491,0,3341220.0,3567711.0,0,33.0,226524.0,end,[{12: 8}],-1,0
application_1508364558011_30819,2869ce,683819,FAILED,3341192,8,22988,0,3341220.0,3364208.0,0,28.0,23016.0,end,[{13: 8}],-1,0
application_1508364558011_30858,2869ce,fac375,FAILED,3346470,1,81011,0,3346500.0,3427511.0,0,30.0,81041.0,end,[{0: 1}],-1,0
application_1508364558011_31197,2869ce,d7ab24,CANCELLED,3351917,8,31,0,3351960.0,3351991.0,0,43.0,74.0,end,[{5: 8}],-1,0
application_1508364558011_31256,2869ce,273230,COMPLETED,3353781,8,285391,0,3353820.0,3639211.0,0,39.0,285430.0,end,[{5: 8}],-1,0
application_1508364558011_31259,2869ce,273230,COMPLETED,3354052,8,261550,0,3354060.0,3615610.0,0,8.0,261558.0,end,[{14: 8}],-1,0
application_1508364558011_31263,2869ce,273230,COMPLETED,3354401,8,194445,0,3354420.0,3548865.0,0,19.0,194464.0,end,[{15: 8}],-1,0
application_1508364558011_32155,2869ce,1b5b7d,FAILED,3422096,1,37,0,3422100.0,3422137.0,0,4.0,41.0,end,[{0: 1}],-1,0
application_1508364558011_32224,2869ce,fac375,COMPLETED,3425192,1,13472,0,3425220.0,3438692.0,0,28.0,13500.0,end,[{0: 1}],-1,0
application_1508364558011_32280,2869ce,683819,COMPLETED,3427230,2,9116,0,3427260.0,3436376.0,0,30.0,9146.0,end,[{0: 2}],-1,0
application_1508364558011_32419,2869ce,fac375,COMPLETED,3430471,1,8806,0,3430500.0,3439306.0,0,29.0,8835.0,end,[{0: 1}],-1,0
application_1508364558011_32590,2869ce,683819,FAILED,3438070,8,14401,0,3438120.0,3452521.0,0,50.0,14451.0,end,[{13: 8}],-1,0
application_1508364558011_32659,2869ce,273230,COMPLETED,3443134,8,437,0,3443160.0,3443597.0,0,26.0,463.0,end,[{0: 8}],-1,0
application_1508364558011_32768,2869ce,2be114,CANCELLED,3453467,8,145,0,3453480.0,3453625.0,0,13.0,158.0,end,[{0: 8}],-1,0
application_1508364558011_32769,2869ce,2be114,FAILED,3453695,8,17,0,3453720.0,3453737.0,0,25.0,42.0,end,[{0: 8}],-1,0
application_1508364558011_32771,2869ce,2be114,CANCELLED,3453723,8,2593,0,3453780.0,3456373.0,0,57.0,2650.0,end,[{0: 8}],-1,0
application_1508364558011_32776,2869ce,2be114,CANCELLED,3453979,8,2375,0,3454020.0,3456395.0,0,41.0,2416.0,end,[{2: 8}],-1,0
application_1508364558011_32782,2869ce,2be114,CANCELLED,3454252,8,2132,0,3454260.0,3456392.0,0,8.0,2140.0,end,[{3: 8}],-1,0
application_1508364558011_32785,2869ce,2be114,CANCELLED,3454488,8,1948,0,3454500.0,3456448.0,0,12.0,1960.0,end,[{4: 8}],-1,0
application_1508364558011_32789,2869ce,2be114,CANCELLED,3454745,8,1691,0,3454800.0,3456491.0,0,55.0,1746.0,end,[{6: 8}],-1,0
application_1508364558011_32794,2869ce,2be114,CANCELLED,3455098,8,1357,0,3455100.0,3456457.0,0,2.0,1359.0,end,[{13: 8}],-1,0
application_1508364558011_32809,2869ce,2be114,CANCELLED,3456534,8,2080,0,3456540.0,3458620.0,0,6.0,2086.0,end,[{0: 8}],-1,0
application_1508364558011_32827,2869ce,2be114,CANCELLED,3457978,8,708,0,3457980.0,3458688.0,0,2.0,710.0,end,[{2: 8}],-1,0
application_1508364558011_32828,2869ce,2be114,CANCELLED,3458078,8,636,0,3458100.0,3458736.0,0,22.0,658.0,end,[{3: 8}],-1,0
application_1508364558011_32829,2869ce,2be114,CANCELLED,3458099,8,782,0,3458100.0,3458882.0,0,1.0,783.0,end,[{4: 8}],-1,0
application_1508364558011_32840,2869ce,2be114,CANCELLED,3458786,8,58,0,3458820.0,3458878.0,0,34.0,92.0,end,[{0: 8}],-1,0
application_1508364558011_32853,2869ce,2be114,COMPLETED,3460004,8,20999,0,3460020.0,3481019.0,0,16.0,21015.0,end,[{0: 8}],-1,0
application_1508364558011_32854,2869ce,2be114,FAILED,3460011,8,45,0,3460020.0,3460065.0,0,9.0,54.0,end,[{2: 8}],-1,0
application_1508364558011_32855,2869ce,2be114,FAILED,3460015,8,14405,0,3460020.0,3474425.0,0,5.0,14410.0,end,[{3: 8}],-1,0
application_1508364558011_32856,2869ce,2be114,CANCELLED,3460037,8,344,0,3460080.0,3460424.0,0,43.0,387.0,end,[{2: 8}],-1,0
application_1508364558011_32858,2869ce,2be114,COMPLETED,3460042,8,23178,0,3460080.0,3483258.0,0,38.0,23216.0,end,[{4: 8}],-1,0
application_1508364558011_32859,2869ce,2be114,COMPLETED,3460050,8,28564,0,3460080.0,3488644.0,0,30.0,28594.0,end,[{6: 8}],-1,0
application_1508364558011_33692,2869ce,683819,FAILED,3485122,8,15779,0,3485160.0,3500939.0,0,38.0,15817.0,end,[{0: 8}],-1,0
application_1508364558011_33693,2869ce,683819,FAILED,3485128,8,14404,0,3485160.0,3499564.0,0,32.0,14436.0,end,[{2: 8}],-1,0
application_1508364558011_34297,2869ce,2be114,CANCELLED,3498109,1,2237,0,3498120.0,3500357.0,0,11.0,2248.0,end,[{3: 1}],-1,0
application_1508364558011_34385,2869ce,2be114,CANCELLED,3498547,1,2340,0,3498600.0,3500940.0,0,53.0,2393.0,end,[{3: 1}],-1,0
application_1508364558011_34843,2869ce,2be114,CANCELLED,3501408,1,3381,0,3501420.0,3504801.0,0,12.0,3393.0,end,[{0: 1}],-1,0
application_1508364558011_36235,2869ce,2be114,COMPLETED,3539657,8,32052,0,3539700.0,3571752.0,0,43.0,32095.0,end,[{0: 8}],-1,0
application_1508364558011_36236,2869ce,2be114,CANCELLED,3539664,8,764,0,3539700.0,3540464.0,0,36.0,800.0,end,[{1: 8}],-1,0
application_1508364558011_36237,2869ce,2be114,CANCELLED,3539670,8,781,0,3539700.0,3540481.0,0,30.0,811.0,end,[{2: 8}],-1,0
application_1508364558011_36624,2869ce,2be114,CANCELLED,3571191,8,197,0,3571200.0,3571397.0,0,9.0,206.0,end,[{1: 8}],-1,0
application_1508364558011_36625,2869ce,2be114,CANCELLED,3571195,8,207,0,3571200.0,3571407.0,0,5.0,212.0,end,[{2: 8}],-1,0
application_1508364558011_36626,2869ce,2be114,COMPLETED,3571199,8,21017,0,3571200.0,3592217.0,0,1.0,21018.0,end,[{3: 8}],-1,0
application_1508364558011_36833,2869ce,2be114,FAILED,3596863,8,14392,0,3596880.0,3611272.0,0,17.0,14409.0,end,[{0: 8}],-1,0
application_1508364558011_36834,2869ce,2be114,COMPLETED,3596868,8,10456,0,3596880.0,3607336.0,0,12.0,10468.0,end,[{1: 8}],-1,0
application_1508364558011_36835,2869ce,2be114,COMPLETED,3596871,8,10319,0,3596880.0,3607199.0,0,9.0,10328.0,end,[{2: 8}],-1,0
application_1508364558011_36974,2869ce,2be114,CANCELLED,3623618,8,2651,0,3623640.0,3626291.0,0,22.0,2673.0,end,[{0: 8}],-1,0
application_1508364558011_36975,2869ce,2be114,CANCELLED,3623623,8,2657,0,3623640.0,3626297.0,0,17.0,2674.0,end,[{1: 8}],-1,0
application_1508364558011_36976,2869ce,2be114,COMPLETED,3623626,8,20650,0,3623640.0,3644290.0,0,14.0,20664.0,end,[{2: 8}],-1,0
application_1508364558011_36991,2869ce,2be114,COMPLETED,3626545,8,20731,0,3626580.0,3647311.0,0,35.0,20766.0,end,[{0: 8}],-1,0
application_1508364558011_36992,2869ce,2be114,CANCELLED,3626549,8,297,0,3626580.0,3626877.0,0,31.0,328.0,end,[{1: 8}],-1,0
application_1508364558011_36993,2869ce,2be114,CANCELLED,3626553,8,295,0,3626580.0,3626875.0,0,27.0,322.0,end,[{3: 8}],-1,0
application_1508364558011_37823,2869ce,2be114,COMPLETED,3661781,8,10774,0,3661800.0,3672574.0,0,19.0,10793.0,end,[{0: 8}],-1,0
application_1508364558011_37824,2869ce,2be114,COMPLETED,3661784,8,10429,0,3661800.0,3672229.0,0,16.0,10445.0,end,[{1: 8}],-1,0
application_1508364558011_37825,2869ce,2be114,FAILED,3661788,8,14400,0,3661800.0,3676200.0,0,12.0,14412.0,end,[{2: 8}],-1,0
application_1508364558011_37942,2869ce,2be114,CANCELLED,3687685,8,7153,0,3687720.0,3694873.0,0,35.0,7188.0,end,[{0: 8}],-1,0
application_1508364558011_37943,2869ce,2be114,CANCELLED,3687689,8,388,0,3687720.0,3688108.0,0,31.0,419.0,end,[{1: 8}],-1,0
application_1508364558011_37944,2869ce,2be114,CANCELLED,3687693,8,7166,0,3687720.0,3694886.0,0,27.0,7193.0,end,[{2: 8}],-1,0
application_1508364558011_37979,2869ce,2be114,COMPLETED,3694819,8,10845,0,3694860.0,3705705.0,0,41.0,10886.0,end,[{1: 8}],-1,0
application_1508364558011_37980,2869ce,2be114,COMPLETED,3694822,8,10485,0,3694860.0,3705345.0,0,38.0,10523.0,end,[{3: 8}],-1,0
application_1508364558011_37981,2869ce,2be114,COMPLETED,3694826,8,11126,0,3694860.0,3705986.0,0,34.0,11160.0,end,[{4: 8}],-1,0
application_1508364558011_38068,2869ce,2be114,FAILED,3715621,8,851,0,3715680.0,3716531.0,0,59.0,910.0,end,[{0: 8}],-1,0
application_1508364558011_38069,2869ce,2be114,FAILED,3715625,8,852,0,3715680.0,3716532.0,0,55.0,907.0,end,[{1: 8}],-1,0
application_1508364558011_38070,2869ce,2be114,FAILED,3715628,8,876,0,3715680.0,3716556.0,0,52.0,928.0,end,[{2: 8}],-1,0
application_1508364558011_38077,2869ce,2be114,COMPLETED,3716689,8,2494,0,3716700.0,3719194.0,0,11.0,2505.0,end,[{0: 8}],-1,0
application_1508364558011_40594,2869ce,e4f747,FAILED,3750303,8,14401,0,3750360.0,3764761.0,0,57.0,14458.0,end,[{0: 8}],-1,0
application_1508364558011_40595,2869ce,259ed8,COMPLETED,3750394,32,56414,0,3750420.0,3806834.0,0,26.0,56440.0,end,"[{1: 8}, {2: 8}, {3: 8}, {4: 8}]",-1,0
application_1508364558011_40596,2869ce,e4f747,FAILED,3750485,8,14405,0,3750540.0,3764945.0,0,55.0,14460.0,end,[{5: 8}],-1,0
application_1508364558011_41080,2869ce,67c1b9,FAILED,3795538,1,47,0,3795540.0,3795587.0,0,2.0,49.0,end,[{0: 1}],-1,0
application_1508364558011_41614,2869ce,d10382,FAILED,3823379,4,13,0,3823380.0,3823393.0,0,1.0,14.0,end,[{0: 4}],-1,0
application_1508364558011_42106,2869ce,fac375,COMPLETED,3866941,1,3261,0,3867000.0,3870261.0,0,59.0,3320.0,end,[{0: 1}],-1,0
application_1508364558011_42160,2869ce,2be114,CANCELLED,3871510,8,9873,0,3871560.0,3881433.0,0,50.0,9923.0,end,[{0: 8}],-1,0
application_1508364558011_42163,2869ce,2be114,CANCELLED,3871758,8,9595,0,3871800.0,3881395.0,0,42.0,9637.0,end,[{1: 8}],-1,0
application_1508364558011_42165,2869ce,2be114,CANCELLED,3871766,8,9609,0,3871800.0,3881409.0,0,34.0,9643.0,end,[{2: 8}],-1,0
application_1508364558011_42226,2869ce,2be114,CANCELLED,3878061,8,5643,0,3878100.0,3883743.0,0,39.0,5682.0,end,[{3: 8}],-1,0
application_1508364558011_42255,2869ce,2be114,CANCELLED,3880622,8,73,0,3880680.0,3880753.0,0,58.0,131.0,end,[{4: 8}],-1,0
application_1508364558011_42256,2869ce,2be114,CANCELLED,3880769,8,437,0,3880800.0,3881237.0,0,31.0,468.0,end,[{4: 8}],-1,0
application_1508364558011_42260,2869ce,2be114,CANCELLED,3881157,8,43118,0,3881160.0,3924278.0,0,3.0,43121.0,end,[{5: 8}],-1,0
application_1508364558011_42290,2869ce,8b92ce,FAILED,3882957,1,48,0,3882960.0,3883008.0,0,3.0,51.0,end,[{0: 1}],-1,0
application_1508364558011_42291,2869ce,67c1b9,FAILED,3883079,1,46,0,3883080.0,3883126.0,0,1.0,47.0,end,[{0: 1}],-1,0
application_1508364558011_42295,2869ce,67c1b9,FAILED,3883922,1,29,0,3883980.0,3884009.0,0,58.0,87.0,end,[{0: 1}],-1,0
application_1508364558011_42298,2869ce,8b92ce,FAILED,3884142,1,53,0,3884160.0,3884213.0,0,18.0,71.0,end,[{0: 1}],-1,0
application_1508364558011_42933,2869ce,2be114,FAILED,3924336,8,14389,0,3924360.0,3938749.0,0,24.0,14413.0,end,[{0: 8}],-1,0
application_1508364558011_42934,2869ce,2be114,FAILED,3924397,8,14397,0,3924420.0,3938817.0,0,23.0,14420.0,end,[{1: 8}],-1,0
application_1508364558011_42944,2869ce,2be114,CANCELLED,3925601,1,4700,0,3925620.0,3930320.0,0,19.0,4719.0,end,[{2: 1}],-1,0
application_1508364558011_42988,2869ce,2be114,CANCELLED,3930399,8,3082,0,3930420.0,3933502.0,0,21.0,3103.0,end,[{2: 8}],-1,0
application_1508364558011_42995,2869ce,2be114,CANCELLED,3930850,8,2688,0,3930900.0,3933588.0,0,50.0,2738.0,end,[{3: 8}],-1,0
application_1508364558011_42998,2869ce,2be114,COMPLETED,3931197,8,7283,0,3931200.0,3938483.0,0,3.0,7286.0,end,[{4: 8}],-1,0
application_1508364558011_43011,2869ce,2be114,COMPLETED,3932325,8,7618,0,3932340.0,3939958.0,0,15.0,7633.0,end,[{5: 8}],-1,0
application_1508364558011_43022,2869ce,2be114,CANCELLED,3933798,8,23160,0,3933840.0,3957000.0,0,42.0,23202.0,end,[{2: 8}],-1,0
application_1508364558011_43023,2869ce,2be114,CANCELLED,3933802,8,6896,0,3933840.0,3940736.0,0,38.0,6934.0,end,[{3: 8}],-1,0
application_1508364558011_43024,2869ce,2be114,CANCELLED,3933805,8,7325,0,3933840.0,3941165.0,0,35.0,7360.0,end,[{6: 8}],-1,0
application_1508364558011_43084,2869ce,2be114,CANCELLED,3941888,8,72447,0,3941940.0,4014387.0,0,52.0,72499.0,end,[{0: 8}],-1,0
application_1508364558011_43085,2869ce,2be114,CANCELLED,3941894,8,72333,0,3941940.0,4014273.0,0,46.0,72379.0,end,[{1: 8}],-1,0
application_1508364558011_43086,2869ce,2be114,CANCELLED,3941899,8,72350,0,3941940.0,4014290.0,0,41.0,72391.0,end,[{3: 8}],-1,0
application_1508364558011_43087,2869ce,2be114,CANCELLED,3941917,8,1095,0,3941940.0,3943035.0,0,23.0,1118.0,end,[{4: 8}],-1,0
application_1508364558011_43088,2869ce,2be114,CANCELLED,3941921,8,72454,0,3941940.0,4014394.0,0,19.0,72473.0,end,[{5: 8}],-1,0
application_1508364558011_43089,2869ce,2be114,CANCELLED,3941925,8,1031,0,3941940.0,3942971.0,0,15.0,1046.0,end,[{6: 8}],-1,0
application_1508364558011_43090,2869ce,2be114,CANCELLED,3941937,8,9332,0,3941940.0,3951272.0,0,3.0,9335.0,end,[{7: 8}],-1,0
application_1508364558011_43091,2869ce,2be114,CANCELLED,3941941,8,9354,0,3942000.0,3951354.0,0,59.0,9413.0,end,[{8: 8}],-1,0
application_1508364558011_43092,2869ce,2be114,CANCELLED,3941945,8,9194,0,3942000.0,3951194.0,0,55.0,9249.0,end,[{9: 8}],-1,0
application_1508364558011_43093,2869ce,2be114,CANCELLED,3941967,32,3978,0,3942000.0,3945978.0,0,33.0,4011.0,end,"[{10: 8}, {11: 8}, {12: 8}, {13: 8}]",-1,0
application_1508364558011_43094,2869ce,2be114,CANCELLED,3941970,32,3788,0,3943080.0,3946868.0,0,1110.0,4898.0,end,"[{4: 8}, {6: 8}, {14: 8}, {15: 8}]",-1,0
application_1508364558011_43095,2869ce,2be114,CANCELLED,3941975,32,1576,0,3946020.0,3947596.0,0,4045.0,5621.0,end,"[{10: 8}, {11: 8}, {12: 8}, {13: 8}]",-1,0
application_1508364558011_43139,2869ce,2be114,COMPLETED,3946284,8,160557,0,3946920.0,4107477.0,0,636.0,161193.0,end,[{4: 8}],-1,0
application_1508364558011_43141,2869ce,2be114,COMPLETED,3946903,8,169187,0,3946920.0,4116107.0,0,17.0,169204.0,end,[{6: 8}],-1,0
application_1508364558011_43146,2869ce,fac375,COMPLETED,3948202,1,9701,0,3948240.0,3957941.0,0,38.0,9739.0,end,[{10: 1}],-1,0
application_1508364558011_43196,2869ce,67c1b9,FAILED,3955825,1,45,0,3955860.0,3955905.0,0,35.0,80.0,end,[{10: 1}],-1,0
application_1508364558011_43203,2869ce,2be114,FAILED,3956386,8,14395,0,3956400.0,3970795.0,0,14.0,14409.0,end,[{7: 8}],-1,0
application_1508364558011_43204,2869ce,2be114,CANCELLED,3956390,8,55954,0,3956400.0,4012354.0,0,10.0,55964.0,end,[{8: 8}],-1,0
application_1508364558011_43205,2869ce,2be114,CANCELLED,3956394,8,57441,0,3956400.0,4013841.0,0,6.0,57447.0,end,[{9: 8}],-1,0
application_1508364558011_43209,2869ce,2be114,COMPLETED,3956798,32,48721,0,3956820.0,4005541.0,0,22.0,48743.0,end,"[{11: 8}, {12: 8}, {13: 8}, {14: 8}]",-1,0
application_1508364558011_43210,2869ce,2be114,CANCELLED,3956801,32,29046,0,3970800.0,3999846.0,0,13999.0,43045.0,end,"[{2: 8}, {7: 8}, {10: 8}, {15: 8}]",-1,0
application_1508364558011_43274,2869ce,67c1b9,FAILED,3965173,1,43,0,3999900.0,3999943.0,0,34727.0,34770.0,end,[{2: 1}],-1,0
application_1508364558011_44089,2869ce,b77259,FAILED,3997587,1,226,0,3999900.0,4000126.0,0,2313.0,2539.0,end,[{2: 1}],-1,0
application_1508364558011_45408,2869ce,fac375,COMPLETED,4009601,1,4434,0,4009620.0,4014054.0,0,19.0,4453.0,end,[{2: 1}],-1,0
application_1508364558011_45409,2869ce,0af4a6,FAILED,4009879,8,145,0,4009920.0,4010065.0,0,41.0,186.0,end,[{7: 8}],-1,0
application_1508364558011_45411,2869ce,0af4a6,FAILED,4010054,32,220,0,4010100.0,4010320.0,0,46.0,266.0,end,"[{7: 8}, {10: 8}, {11: 8}, {12: 8}]",-1,0
application_1508364558011_45657,2869ce,0af4a6,FAILED,4017505,8,22,0,4017540.0,4017562.0,0,35.0,57.0,end,[{0: 8}],-1,0
application_1508364558011_45659,2869ce,fac375,COMPLETED,4017708,1,6043,0,4017720.0,4023763.0,0,12.0,6055.0,end,[{0: 1}],-1,0
application_1508364558011_45660,2869ce,0af4a6,FAILED,4017798,8,14403,0,4017840.0,4032243.0,0,42.0,14445.0,end,[{1: 8}],-1,0
application_1508364558011_45665,2869ce,0af4a6,FAILED,4017989,8,1,0,4018020.0,4018021.0,0,31.0,32.0,end,[{2: 8}],-1,0
application_1508364558011_45666,2869ce,0af4a6,FAILED,4018243,8,149,0,4018260.0,4018409.0,0,17.0,166.0,end,[{2: 8}],-1,0
application_1508364558011_45687,2869ce,2be114,COMPLETED,4022038,32,6022,0,4022040.0,4028062.0,0,2.0,6024.0,end,"[{2: 8}, {3: 8}, {5: 8}, {7: 8}]",-1,0
application_1508364558011_45809,2869ce,0af4a6,FAILED,4037094,8,199,0,4037100.0,4037299.0,0,6.0,205.0,end,[{0: 8}],-1,0
application_1508364558011_45837,2869ce,2be114,CANCELLED,4039640,8,17260,0,4039680.0,4056940.0,0,40.0,17300.0,end,[{0: 8}],-1,0
application_1508364558011_45838,2869ce,2be114,CANCELLED,4039651,8,358,0,4039680.0,4040038.0,0,29.0,387.0,end,[{1: 8}],-1,0
application_1508364558011_45839,2869ce,2be114,CANCELLED,4039658,8,17258,0,4039680.0,4056938.0,0,22.0,17280.0,end,[{2: 8}],-1,0
application_1508364558011_46160,2869ce,2be114,CANCELLED,4059609,8,412,0,4059660.0,4060072.0,0,51.0,463.0,end,[{0: 8}],-1,0
application_1508364558011_46161,2869ce,2be114,CANCELLED,4059613,8,417,0,4059660.0,4060077.0,0,47.0,464.0,end,[{1: 8}],-1,0
application_1508364558011_46162,2869ce,2be114,CANCELLED,4059617,8,423,0,4059660.0,4060083.0,0,43.0,466.0,end,[{2: 8}],-1,0
application_1508364558011_46188,2869ce,2be114,CANCELLED,4061433,8,30281,0,4061460.0,4091741.0,0,27.0,30308.0,end,[{0: 8}],-1,0
application_1508364558011_46189,2869ce,2be114,CANCELLED,4061437,8,30108,0,4061460.0,4091568.0,0,23.0,30131.0,end,[{1: 8}],-1,0
application_1508364558011_46190,2869ce,2be114,CANCELLED,4061440,8,30181,0,4061460.0,4091641.0,0,20.0,30201.0,end,[{2: 8}],-1,0
application_1508364558011_46744,2869ce,2be114,CANCELLED,4092044,8,3725,0,4092060.0,4095785.0,0,16.0,3741.0,end,[{0: 8}],-1,0
application_1508364558011_46794,2869ce,2be114,CANCELLED,4096068,8,1436,0,4096080.0,4097516.0,0,12.0,1448.0,end,[{0: 8}],-1,0
application_1508364558011_46934,2869ce,2be114,COMPLETED,4108145,8,201968,0,4108200.0,4310168.0,0,55.0,202023.0,end,[{0: 8}],-1,0
application_1508364558011_46935,2869ce,2be114,COMPLETED,4108154,8,199555,0,4108200.0,4307755.0,0,46.0,199601.0,end,[{1: 8}],-1,0
application_1508364558011_46966,2869ce,0af4a6,FAILED,4109781,4,612,0,4109820.0,4110432.0,0,39.0,651.0,end,[{2: 4}],-1,0
application_1508364558011_46969,2869ce,0af4a6,FAILED,4110402,4,15,0,4110420.0,4110435.0,0,18.0,33.0,end,[{2: 4}],-1,0
application_1508364558011_46985,2869ce,0af4a6,CANCELLED,4113377,8,1291,0,4113420.0,4114711.0,0,43.0,1334.0,end,[{2: 8}],-1,0
application_1508364558011_46992,2869ce,0af4a6,CANCELLED,4115246,8,813,0,4115280.0,4116093.0,0,34.0,847.0,end,[{2: 8}],-1,0
application_1508364558011_47000,2869ce,0af4a6,FAILED,4116345,8,14402,0,4116360.0,4130762.0,0,15.0,14417.0,end,[{2: 8}],-1,0
application_1508364558011_47004,2869ce,0af4a6,FAILED,4116969,8,14562,0,4117020.0,4131582.0,0,51.0,14613.0,end,[{3: 8}],-1,0
application_1508364558011_47005,2869ce,0af4a6,FAILED,4116990,8,14568,0,4117020.0,4131588.0,0,30.0,14598.0,end,[{4: 8}],-1,0
application_1508364558011_47007,2869ce,0af4a6,FAILED,4117315,8,179,0,4117320.0,4117499.0,0,5.0,184.0,end,[{5: 8}],-1,0
application_1508364558011_47032,2869ce,0af4a6,CANCELLED,4119060,8,776,0,4119060.0,4119836.0,0,0.0,776.0,end,[{5: 8}],-1,0
application_1508364558011_47037,2869ce,0af4a6,COMPLETED,4119984,8,854,0,4120020.0,4120874.0,0,36.0,890.0,end,[{5: 8}],-1,0
application_1508364558011_47230,2869ce,2be114,COMPLETED,4139112,8,175196,0,4139160.0,4314356.0,0,48.0,175244.0,end,[{2: 8}],-1,0
application_1508364558011_47231,2869ce,2be114,COMPLETED,4139116,8,174202,0,4139160.0,4313362.0,0,44.0,174246.0,end,[{3: 8}],-1,0
application_1508364558011_47232,2869ce,2be114,FAILED,4139119,8,165204,0,4139160.0,4304364.0,0,41.0,165245.0,end,[{4: 8}],-1,0
application_1508364558011_47233,2869ce,2be114,COMPLETED,4139170,32,39481,0,4139220.0,4178701.0,0,50.0,39531.0,end,"[{5: 8}, {6: 8}, {7: 8}, {8: 8}]",-1,0
application_1508364558011_47234,2869ce,2be114,COMPLETED,4139174,32,46892,0,4139220.0,4186112.0,0,46.0,46938.0,end,"[{9: 8}, {10: 8}, {11: 8}, {12: 8}]",-1,0
application_1508364558011_47235,2869ce,2be114,CANCELLED,4139178,32,380,0,4178760.0,4179140.0,0,39582.0,39962.0,end,"[{5: 8}, {6: 8}, {7: 8}, {8: 8}]",-1,0
application_1508364558011_47236,2869ce,2be114,COMPLETED,4139191,8,174005,0,4178760.0,4352765.0,0,39569.0,213574.0,end,[{13: 8}],-1,0
application_1508364558011_47237,2869ce,2be114,COMPLETED,4139194,8,187628,0,4178760.0,4366388.0,0,39566.0,227194.0,end,[{14: 8}],-1,0
application_1508364558011_47238,2869ce,2be114,CANCELLED,4139198,8,242763,0,4178760.0,4421523.0,0,39562.0,282325.0,end,[{15: 8}],-1,0
application_1508364558011_48310,2869ce,2be114,CANCELLED,4363850,8,1747,0,4363860.0,4365607.0,0,10.0,1757.0,end,[{0: 8}],-1,0
application_1508364558011_48311,2869ce,2be114,COMPLETED,4363854,8,15108,0,4363860.0,4378968.0,0,6.0,15114.0,end,[{1: 8}],-1,0
application_1508364558011_48312,2869ce,2be114,COMPLETED,4363857,8,14556,0,4363860.0,4378416.0,0,3.0,14559.0,end,[{2: 8}],-1,0
application_1508364558011_48346,2869ce,0af4a6,COMPLETED,4367279,8,753,0,4367280.0,4368033.0,0,1.0,754.0,end,[{0: 8}],-1,0
application_1508364558011_48348,2869ce,0af4a6,COMPLETED,4367797,8,714,0,4367820.0,4368534.0,0,23.0,737.0,end,[{3: 8}],-1,0
application_1508364558011_48402,2869ce,fac375,FAILED,4383521,1,25,0,4383540.0,4383565.0,0,19.0,44.0,end,[{0: 1}],-1,0
application_1508364558011_48403,2869ce,fac375,COMPLETED,4383637,1,153,0,4383660.0,4383813.0,0,23.0,176.0,end,[{0: 1}],-1,0
application_1508364558011_48408,2869ce,fac375,COMPLETED,4383880,4,7457,0,4383900.0,4391357.0,0,20.0,7477.0,end,[{0: 4}],-1,0
application_1508364558011_48411,2869ce,fac375,COMPLETED,4384016,1,7484,0,4384020.0,4391504.0,0,4.0,7488.0,end,[{0: 1}],-1,0
application_1508364558011_48415,2869ce,fac375,COMPLETED,4384514,1,6963,0,4384560.0,4391523.0,0,46.0,7009.0,end,[{0: 1}],-1,0
application_1508364558011_48529,2869ce,0af4a6,CANCELLED,4386568,8,53474,0,4386600.0,4440074.0,0,32.0,53506.0,end,[{1: 8}],-1,0
application_1508364558011_48530,2869ce,0af4a6,FAILED,4386588,8,36,0,4386600.0,4386636.0,0,12.0,48.0,end,[{2: 8}],-1,0
application_1508364558011_49274,2869ce,683819,COMPLETED,4434548,8,174263,0,4434600.0,4608863.0,0,52.0,174315.0,end,[{0: 8}],-1,0
application_1508364558011_49289,2869ce,683819,COMPLETED,4436372,8,172102,0,4436400.0,4608502.0,0,28.0,172130.0,end,[{2: 8}],-1,0
application_1508364558011_49290,2869ce,683819,FAILED,4436394,32,14392,0,4436400.0,4450792.0,0,6.0,14398.0,end,"[{3: 8}, {4: 8}, {5: 8}, {6: 8}]",-1,0
application_1508364558011_49291,2869ce,683819,FAILED,4436401,32,14400,0,4436460.0,4450860.0,0,59.0,14459.0,end,"[{7: 8}, {8: 8}, {9: 8}, {10: 8}]",-1,0
application_1508364558011_49292,2869ce,683819,COMPLETED,4436421,8,212526,0,4436460.0,4648986.0,0,39.0,212565.0,end,[{11: 8}],-1,0
application_1508364558011_49293,2869ce,683819,COMPLETED,4436430,8,212548,0,4436460.0,4649008.0,0,30.0,212578.0,end,[{12: 8}],-1,0
application_1508364558011_49294,2869ce,683819,COMPLETED,4436454,8,185888,0,4436460.0,4622348.0,0,6.0,185894.0,end,[{13: 8}],-1,0
application_1508364558011_49295,2869ce,683819,COMPLETED,4436459,8,189460,0,4436460.0,4625920.0,0,1.0,189461.0,end,[{14: 8}],-1,0
application_1508364558011_49341,2869ce,0af4a6,CANCELLED,4440378,8,572,0,4440420.0,4440992.0,0,42.0,614.0,end,[{1: 8}],-1,0
application_1508364558011_49342,2869ce,0af4a6,FAILED,4440417,8,30,0,4440420.0,4440450.0,0,3.0,33.0,end,[{15: 8}],-1,0
application_1508364558011_49466,2869ce,2be114,COMPLETED,4459427,8,181811,0,4459440.0,4641251.0,0,13.0,181824.0,end,[{1: 8}],-1,0
application_1508364558011_49467,2869ce,2be114,COMPLETED,4459431,8,179936,0,4459440.0,4639376.0,0,9.0,179945.0,end,[{3: 8}],-1,0
application_1508364558011_49468,2869ce,2be114,COMPLETED,4459434,8,180730,0,4459440.0,4640170.0,0,6.0,180736.0,end,[{4: 8}],-1,0
application_1508364558011_49475,2869ce,2be114,COMPLETED,4461777,32,45047,0,4461780.0,4506827.0,0,3.0,45050.0,end,"[{5: 8}, {6: 8}, {7: 8}, {8: 8}]",-1,0
application_1508364558011_49476,2869ce,2be114,COMPLETED,4461781,32,42987,0,4506840.0,4549827.0,0,45059.0,88046.0,end,"[{5: 8}, {6: 8}, {7: 8}, {8: 8}]",-1,0
application_1508364558011_49477,2869ce,2be114,FAILED,4461784,32,14542,0,4549860.0,4564402.0,0,88076.0,102618.0,end,"[{5: 8}, {6: 8}, {7: 8}, {8: 8}]",-1,0
application_1508364558011_49481,2869ce,2be114,COMPLETED,4461997,8,220831,0,4549860.0,4770691.0,0,87863.0,308694.0,end,[{9: 8}],-1,0
application_1508364558011_49483,2869ce,2be114,COMPLETED,4462001,8,221922,0,4549860.0,4771782.0,0,87859.0,309781.0,end,[{10: 8}],-1,0
application_1508364558011_49484,2869ce,2be114,COMPLETED,4462004,8,221388,0,4549860.0,4771248.0,0,87856.0,309244.0,end,[{15: 8}],-1,0
application_1508364558011_49485,2869ce,2be114,COMPLETED,4462018,8,206721,0,4564440.0,4771161.0,0,102422.0,309143.0,end,[{5: 8}],-1,0
application_1508364558011_49486,2869ce,2be114,COMPLETED,4462022,8,209130,0,4564440.0,4773570.0,0,102418.0,311548.0,end,[{6: 8}],-1,0
application_1508364558011_49487,2869ce,2be114,COMPLETED,4462025,8,203140,0,4564440.0,4767580.0,0,102415.0,305555.0,end,[{7: 8}],-1,0
application_1508364558011_50374,2869ce,fac375,FAILED,4535783,1,233,0,4564440.0,4564673.0,0,28657.0,28890.0,end,[{8: 1}],-1,0
application_1508364558011_50391,2869ce,fac375,COMPLETED,4540153,1,1472,0,4564440.0,4565912.0,0,24287.0,25759.0,end,[{8: 1}],-1,0
application_1508364558011_50410,2869ce,fac375,COMPLETED,4542513,4,2306,0,4564440.0,4566746.0,0,21927.0,24233.0,end,[{8: 4}],-1,0
application_1508364558011_50513,2869ce,2be114,FAILED,4545481,8,74,0,4566780.0,4566854.0,0,21299.0,21373.0,end,[{8: 8}],-1,0
application_1508364558011_50794,2869ce,2be114,CANCELLED,4547685,8,9700,0,4566900.0,4576600.0,0,19215.0,28915.0,end,[{8: 8}],-1,0
application_1508364558011_51233,2869ce,fac375,FAILED,4551630,4,612,0,4576620.0,4577232.0,0,24990.0,25602.0,end,[{8: 4}],-1,0
application_1508364558011_51351,2869ce,2be114,FAILED,4559256,8,16366,0,4577280.0,4593646.0,0,18024.0,34390.0,end,[{8: 8}],-1,0
application_1508364558011_52458,2869ce,2be114,COMPLETED,4614211,8,16653,0,4614240.0,4630893.0,0,29.0,16682.0,end,[{0: 8}],-1,0
application_1508364558011_52459,2869ce,2be114,CANCELLED,4614214,8,4917,0,4614240.0,4619157.0,0,26.0,4943.0,end,[{2: 8}],-1,0
application_1508364558011_52460,2869ce,2be114,COMPLETED,4614220,8,15993,0,4614240.0,4630233.0,0,20.0,16013.0,end,[{8: 8}],-1,0
application_1508364558011_52571,2869ce,2be114,CANCELLED,4630192,2,201,0,4630200.0,4630401.0,0,8.0,209.0,end,[{2: 2}],-1,0
application_1508364558011_52575,2869ce,fac375,CANCELLED,4630471,4,2710,0,4630500.0,4633210.0,0,29.0,2739.0,end,[{2: 4}],-1,0
application_1508364558011_52597,2869ce,fac375,COMPLETED,4636011,1,8572,0,4636020.0,4644592.0,0,9.0,8581.0,end,[{0: 1}],-1,0
application_1508364558011_52677,2869ce,2be114,COMPLETED,4644561,8,15282,0,4644600.0,4659882.0,0,39.0,15321.0,end,[{0: 8}],-1,0
application_1508364558011_52678,2869ce,2be114,COMPLETED,4644565,8,15169,0,4644600.0,4659769.0,0,35.0,15204.0,end,[{1: 8}],-1,0
application_1508364558011_52679,2869ce,2be114,COMPLETED,4644569,8,22083,0,4644600.0,4666683.0,0,31.0,22114.0,end,[{2: 8}],-1,0
application_1511528684064_0865,2869ce,683819,COMPLETED,4960839,8,181962,0,4960860.0,5142822.0,0,21.0,181983.0,end,[{0: 8}],-1,0
application_1511528684064_0866,2869ce,683819,COMPLETED,4960849,8,180524,0,4960860.0,5141384.0,0,11.0,180535.0,end,[{1: 8}],-1,0
application_1511528684064_0868,2869ce,683819,COMPLETED,4960872,32,45717,0,4960920.0,5006637.0,0,48.0,45765.0,end,"[{2: 8}, {3: 8}, {4: 8}, {5: 8}]",-1,0
application_1511528684064_0869,2869ce,683819,FAILED,4960881,32,20760,0,4960920.0,4981680.0,0,39.0,20799.0,end,"[{6: 8}, {7: 8}, {8: 8}, {9: 8}]",-1,0
application_1511528684064_0871,2869ce,683819,COMPLETED,4960971,8,222041,0,4960980.0,5183021.0,0,9.0,222050.0,end,[{10: 8}],-1,0
application_1511528684064_0872,2869ce,683819,COMPLETED,4960981,8,223895,0,4961040.0,5184935.0,0,59.0,223954.0,end,[{11: 8}],-1,0
application_1511528684064_0873,2869ce,683819,COMPLETED,4961000,8,213439,0,4961040.0,5174479.0,0,40.0,213479.0,end,[{12: 8}],-1,0
application_1511528684064_0874,2869ce,683819,COMPLETED,4961019,8,206559,0,4961040.0,5167599.0,0,21.0,206580.0,end,[{13: 8}],-1,0
application_1511528684064_0885,2869ce,683819,FAILED,4963952,8,72,0,4963980.0,4964052.0,0,28.0,100.0,end,[{14: 8}],-1,0
application_1511528684064_0886,2869ce,683819,FAILED,4963962,8,65,0,4963980.0,4964045.0,0,18.0,83.0,end,[{15: 8}],-1,0
application_1511528684064_0976,2869ce,683819,FAILED,4976095,8,188,0,4976100.0,4976288.0,0,5.0,193.0,end,[{14: 8}],-1,0
application_1511528684064_1485,2869ce,2be114,COMPLETED,5046891,8,13596,0,5046900.0,5060496.0,0,9.0,13605.0,end,[{2: 8}],-1,0
application_1511528684064_1486,2869ce,2be114,COMPLETED,5047095,8,21976,0,5047140.0,5069116.0,0,45.0,22021.0,end,[{3: 8}],-1,0
application_1511528684064_1528,2869ce,2be114,COMPLETED,5052447,8,26486,0,5052480.0,5078966.0,0,33.0,26519.0,end,[{4: 8}],-1,0
application_1511916184019_0055,2869ce,e4f747,COMPLETED,5104117,8,904,0,5104140.0,5105044.0,0,23.0,927.0,end,[{2: 8}],-1,0
application_1511916184019_0056,2869ce,e4f747,COMPLETED,5104161,8,2113,0,5104200.0,5106313.0,0,39.0,2152.0,end,[{3: 8}],-1,0
application_1511916184019_0058,2869ce,e4f747,COMPLETED,5104598,8,1560,0,5104620.0,5106180.0,0,22.0,1582.0,end,[{4: 8}],-1,0
application_1511916184019_0060,2869ce,e4f747,COMPLETED,5104669,8,906,0,5104680.0,5105586.0,0,11.0,917.0,end,[{5: 8}],-1,0
application_1511916184019_0061,2869ce,e4f747,COMPLETED,5104696,8,2080,0,5104740.0,5106820.0,0,44.0,2124.0,end,[{6: 8}],-1,0
application_1511916184019_0064,2869ce,e4f747,COMPLETED,5104988,8,1736,0,5105040.0,5106776.0,0,52.0,1788.0,end,[{7: 8}],-1,0
application_1511916184019_0523,2869ce,e4f747,COMPLETED,5174317,8,1077,0,5174340.0,5175417.0,0,23.0,1100.0,end,[{0: 8}],-1,0
application_1511916184019_0663,2869ce,e4f747,COMPLETED,5190390,8,1024,0,5190420.0,5191444.0,0,30.0,1054.0,end,[{0: 8}],-1,0
application_1511916184019_0664,2869ce,e4f747,COMPLETED,5190394,8,1937,0,5190420.0,5192357.0,0,26.0,1963.0,end,[{1: 8}],-1,0
application_1511916184019_0665,2869ce,e4f747,COMPLETED,5190398,8,4365,0,5190420.0,5194785.0,0,22.0,4387.0,end,[{2: 8}],-1,0
application_1511916184019_0666,2869ce,e4f747,COMPLETED,5190405,8,911,0,5190420.0,5191331.0,0,15.0,926.0,end,[{3: 8}],-1,0
application_1511916184019_0667,2869ce,e4f747,COMPLETED,5190409,8,963,0,5190420.0,5191383.0,0,11.0,974.0,end,[{4: 8}],-1,0
application_1511916184019_0668,2869ce,e4f747,COMPLETED,5190412,8,2006,0,5190420.0,5192426.0,0,8.0,2014.0,end,[{5: 8}],-1,0
